"","logFC","AveExpr","t","P.Value","adj.P.Val","B","TC_ID"
"TC03000402.hg.1",-1.52607986060606,4.32130796464647,-15.3259542970359,1.5986797613266e-35,5.4335696712303e-31,69.8233203242145,"TC03000402.hg.1"
"TC03002373.hg.1",-1.68393562424242,4.24309467676768,-15.3121879578755,1.76180126674537e-35,5.4335696712303e-31,69.7283137069896,"TC03002373.hg.1"
"TC13001440.hg.1",-1.39996784242424,2.69470113131313,-14.3142391523282,2.05064343457245e-32,2.89235053872706e-28,62.8215699623847,"TC13001440.hg.1"
"TC13000587.hg.1",-1.45335341212121,2.71488136868687,-14.211129929009,4.25786137534376e-32,5.0046192962228e-28,62.1064080688798,"TC13000587.hg.1"
"TC17000693.hg.1",-1.1291100969697,5.02408646464647,-14.1739927022633,5.53969168453604e-32,5.58108109526479e-28,61.8487867975754,"TC17000693.hg.1"
"TC17001829.hg.1",-2.07476163636364,3.20951451515152,-13.653631051882,2.21340234848231e-30,1.56095773822018e-26,58.2380133894245,"TC17001829.hg.1"
"TC17001828.hg.1",-1.11396687272727,2.33583196969697,-13.4196885881113,1.16087403303093e-29,6.2975630331877e-26,56.6149449511665,"TC17001828.hg.1"
"TC08000294.hg.1",-1.50040356363636,3.71800457575757,-12.9262200855179,3.81117288936718e-28,1.49319636487134e-24,53.1948104813037,"TC08000294.hg.1"
"TC04002478.hg.1",-1.20855646666666,2.22742521717172,-12.8226748671904,7.92029375809038e-28,2.93980461422004e-24,52.4781279411965,"TC04002478.hg.1"
"TC13000763.hg.1",-1.16096318787879,5.62859634343434,-12.4667499098239,9.74930439406362e-27,2.54648219919463e-23,50.0183567534361,"TC13000763.hg.1"
"TC19002418.hg.1",-1.39668619393939,2.12355053535353,-12.4093139613419,1.46085787761164e-26,3.55255448630364e-23,49.6220621743542,"TC19002418.hg.1"
"TC19001371.hg.1",-1.7468575030303,2.22611383838384,-12.312057372916,2.89597939386817e-26,6.38228608730514e-23,48.9514835715891,"TC19001371.hg.1"
"TC08000668.hg.1",-1.18378503636364,2.18527001515151,-12.2958488370647,3.2456118763088e-26,6.93606928342198e-23,48.8397866189589,"TC08000668.hg.1"
"TC01000785.hg.1",-1.50297566666667,4.25586421717172,-12.0872883380903,1.40440016652068e-25,2.60638191956678e-22,47.404203115947,"TC01000785.hg.1"
"TC10000082.hg.1",-1.27069073333333,3.00888126767677,-12.0755156606907,1.52531111005413e-25,2.75819270293199e-22,47.3232653314251,"TC10000082.hg.1"
"TC03003055.hg.1",-1.2160504969697,2.86731588888889,-12.0510874409746,1.81037105908754e-25,3.19181995500077e-22,47.155354996752,"TC03003055.hg.1"
"TC05003326.hg.1",-1.51740167272727,2.64798103030303,-12.0270049259782,2.14339713987708e-25,3.68679991452564e-22,46.9898677388288,"TC05003326.hg.1"
"TC07001811.hg.1",-1.18888533333333,4.44962773737374,-11.9722357932686,3.14632544879993e-25,4.93085132501594e-22,46.6136890693596,"TC07001811.hg.1"
"TC09000320.hg.1",-1.16672150909091,4.39990804545455,-11.906584522927,4.98283528344042e-25,7.17152025906263e-22,46.1631015384523,"TC09000320.hg.1"
"TC05002605.hg.1",-1.48716906060606,3.62645835858586,-11.8641828804094,6.70421237239635e-25,8.4428780203305e-22,45.8722849043777,"TC05002605.hg.1"
"TC09002584.hg.1",-2.20007231515152,4.0274761010101,-11.6500456926703,2.99246096795694e-24,3.14981081855564e-21,44.4061683626251,"TC09002584.hg.1"
"TC07001221.hg.1",-1.0437554,5.42288507575758,-11.6312654279735,3.41122844893738e-24,3.48652266528132e-21,44.2778027631454,"TC07001221.hg.1"
"TC17002040.hg.1",-1.18251946060607,4.7262209040404,-11.5842863985644,4.73294263341257e-24,4.57234675802952e-21,43.9568554747575,"TC17002040.hg.1"
"TC05003345.hg.1",-1.24625184242424,4.19919819191919,-11.5478211028898,6.10171355522367e-24,5.58845642928622e-21,43.7078961907687,"TC05003345.hg.1"
"TC05003325.hg.1",-1.10255958181819,3.31289574242424,-11.5449118676479,6.22659421675146e-24,5.62971928138415e-21,43.6880401507986,"TC05003325.hg.1"
"TC01004954.hg.1",-1.20475202424242,3.27118307070707,-11.4670080196502,1.07080752298013e-23,9.09838059555754e-21,43.1566786803179,"TC01004954.hg.1"
"TC05003117.hg.1",-1.36193067272727,4.23057525757576,-11.4110942070182,1.57950943306826e-23,1.29525283428224e-20,42.7757265735529,"TC05003117.hg.1"
"TC05002048.hg.1",-1.35266610909091,4.23197684848485,-11.218066860477,6.02607680942838e-23,4.38120633846719e-20,41.4634532819063,"TC05002048.hg.1"
"TC09000556.hg.1",-1.27371466060606,4.64545947979798,-11.2068413597599,6.5131305881914e-23,4.68699498439819e-20,41.387280593555,"TC09000556.hg.1"
"TC01003013.hg.1",-1.31206380606061,3.26390125252525,-11.2037821252925,6.65254285794527e-23,4.73896242394823e-20,41.3665244075435,"TC01003013.hg.1"
"TC11001552.hg.1",-1.04740771515151,4.21418593434344,-11.1100394149549,1.27225442752015e-22,8.2314861460554e-20,40.7310956016206,"TC11001552.hg.1"
"TC0X000073.hg.1",-1.68714823030303,3.21809495959596,-11.0890598679093,1.47069432751169e-22,9.26051571956314e-20,40.5890474573819,"TC0X000073.hg.1"
"TC13000564.hg.1",-1.02554523636363,2.95563396969697,-11.0489973582626,1.93934700612523e-22,1.17903938718077e-19,40.3179594175426,"TC13000564.hg.1"
"TC04001062.hg.1",-1.05080521212121,4.86499065656566,-10.9422724691152,4.04766862593986e-22,2.19579795774736e-19,39.5968886879741,"TC04001062.hg.1"
"TC17001826.hg.1",-2.03942476363637,4.0400153030303,-10.8487020425665,7.70501086622705e-22,3.93640601480858e-19,38.9660542748624,"TC17001826.hg.1"
"TC10001579.hg.1",-1.57293341212122,4.01039527777778,-10.8309046841528,8.70729118045816e-22,4.32439645013698e-19,38.8462163027855,"TC10001579.hg.1"
"TC13001682.hg.1",-1.17614853333333,3.95248488888889,-10.7969182400599,1.09962501665574e-21,5.3853371562231e-19,38.6175042683776,"TC13001682.hg.1"
"TC05002359.hg.1",-1.17395127272727,3.01343278787879,-10.6599062047436,2.81234078942915e-21,1.28788772397995e-18,37.6973220203756,"TC05002359.hg.1"
"TC05000204.hg.1",-1.24568717575757,3.05808817171717,-10.6266150117133,3.53151604637248e-21,1.56637173671903e-18,37.4741945303818,"TC05000204.hg.1"
"TC19000202.hg.1",-1.36712586666667,6.30308414141414,-10.6222648641268,3.6381250574009e-21,1.60011505409094e-18,37.4450521068939,"TC19000202.hg.1"
"TC21000591.hg.1",-1.01508427272727,2.52247577272727,-10.6168044301757,3.7764938222189e-21,1.62396142575819e-18,37.4084761373835,"TC21000591.hg.1"
"TC0X000943.hg.1",-1.53963396363637,4.71745206060606,-10.5185586924573,7.38567274639255e-21,2.95943067666956e-18,36.7512517670762,"TC0X000943.hg.1"
"TC02000270.hg.1",-1.42000301818182,4.51547593939394,-10.4755954618742,9.89805547376641e-21,3.81442932336846e-18,36.4643680634707,"TC02000270.hg.1"
"TC04000385.hg.1",-1.44392033939394,2.31458026262626,-10.4070716220034,1.57785961540554e-20,5.62079817625334e-18,36.0074823327588,"TC04000385.hg.1"
"TC14000988.hg.1",-1.7444414,4.32469913636364,-10.3709736944923,2.01653496967754e-20,6.83711998396968e-18,35.7671389547766,"TC14000988.hg.1"
"TC21000004.hg.1",-1.63602262424243,4.40760769191919,-10.2583956597466,4.32701238963979e-20,1.36229417301146e-17,35.0191384403542,"TC21000004.hg.1"
"TC03001042.hg.1",-1.46789514545454,4.46339998484849,-10.2076362612969,6.10029008898042e-20,1.86238423352886e-17,34.682668179369,"TC03001042.hg.1"
"TC6_mann_hap4000149.hg.1",-1.36910357575757,5.69171223232323,-10.1455790719074,9.2771772528988e-20,2.6813703746155e-17,34.2719935921725,"TC6_mann_hap4000149.hg.1"
"TC06003501.hg.1",-1.5233686969697,3.98445063131313,-10.1385154710517,9.7301217554217e-20,2.77812703059759e-17,34.2252974684418,"TC06003501.hg.1"
"TC05000392.hg.1",-1.01611955757576,4.47585624747475,-10.0929259501706,1.32321406337252e-19,3.68841997593755e-17,33.9241557052106,"TC05000392.hg.1"
"TC21000561.hg.1",-1.63694423636363,4.72929153030303,-10.0621706571739,1.62777958906737e-19,4.43458204664322e-17,33.7212405004586,"TC21000561.hg.1"
"TC02002627.hg.1",-1.7139149939394,5.05490923232323,-10.0593455743645,1.65903415138065e-19,4.50000251760837e-17,33.7026111075572,"TC02002627.hg.1"
"TC14001859.hg.1",-1.03846557575758,5.55306947474747,-10.0501446338396,1.76502671569374e-19,4.75095339965151e-17,33.6419489390265,"TC14001859.hg.1"
"TC14001940.hg.1",-1.13349280909091,1.39252317727273,-10.0204017195963,2.15597170455525e-19,5.67334300449067e-17,33.4459729475882,"TC14001940.hg.1"
"TC03003155.hg.1",-1.60801314545454,3.59558689393939,-9.99987623997483,2.47491425240667e-19,6.46438436379539e-17,33.3108384656165,"TC03003155.hg.1"
"TC01004679.hg.1",-1.39028811515152,3.78036978282828,-9.98563072539945,2.72346947739877e-19,7.03542996170673e-17,33.2171018324545,"TC01004679.hg.1"
"TC06004120.hg.1",-1.08924730909091,5.8254673030303,-9.98497510423633,2.73548847823363e-19,7.04068810038213e-17,33.2127888257108,"TC06004120.hg.1"
"TC6_cox_hap2000260.hg.1",-1.12599328484848,5.89279765656566,-9.94157720222667,3.66044633724403e-19,9.18667818652885e-17,32.9274991313273,"TC6_cox_hap2000260.hg.1"
"TC6_mcf_hap5000200.hg.1",-1.16925737575758,5.84484979292929,-9.89418838767272,5.0288218601062e-19,1.19409967690327e-16,32.6164369951806,"TC6_mcf_hap5000200.hg.1"
"TC6_dbb_hap3000237.hg.1",-1.16967584848485,5.85312633838384,-9.87393897570023,5.75891589114186e-19,1.35378675130333e-16,32.48366834218,"TC6_dbb_hap3000237.hg.1"
"TC01001061.hg.1",-1.59346418787879,3.78925823737374,-9.87182305869329,5.84104361427447e-19,1.36399973115721e-16,32.4698001796634,"TC01001061.hg.1"
"TC6_qbl_hap6000173.hg.1",-1.17064952727274,6.08241954545454,-9.79317766854534,9.88009818265618e-19,2.20498153207425e-16,31.9550479930529,"TC6_qbl_hap6000173.hg.1"
"TC06003596.hg.1",-1.04773485454545,5.88796062121212,-9.78794323700537,1.0231354003804e-18,2.25483055753209e-16,31.9208367262882,"TC06003596.hg.1"
"TC21000346.hg.1",-1.35729777575758,5.67707552020202,-9.75980694112994,1.2343529115371e-18,2.65419663231521e-16,31.7370499032856,"TC21000346.hg.1"
"TC01004680.hg.1",-1.14454531939394,2.39550356717172,-9.7597942270065,1.23445754633154e-18,2.65419663231521e-16,31.7369668952309,"TC01004680.hg.1"
"TC09000388.hg.1",-1.38696792121212,5.36860027777778,-9.73046622624488,1.50089862735515e-18,3.17861483174076e-16,31.545588881583,"TC09000388.hg.1"
"TC06003133.hg.1",-1.72814633333334,5.25057872222222,-9.71259095623801,1.69059815263058e-18,3.51699272914356e-16,31.4290423628395,"TC06003133.hg.1"
"TC20001641.hg.1",-1.7163073939394,3.51375583838384,-9.68992278218467,1.96581547010984e-18,3.98377024133782e-16,31.2813531173844,"TC20001641.hg.1"
"TC6_ssto_hap7000153.hg.1",-1.1478587030303,6.02088192929293,-9.61215634979817,3.29504575082111e-18,6.2635178297886e-16,30.7756047108871,"TC6_ssto_hap7000153.hg.1"
"TC03000146.hg.1",-1.25598959393939,5.87657667171717,-9.56008473334658,4.65279680335088e-18,8.37064257557943e-16,30.4377711685296,"TC03000146.hg.1"
"TC09002563.hg.1",-1.29272066666667,4.28511380808081,-9.55873146296239,4.6946667508953e-18,8.40309602216724e-16,30.4290001258609,"TC09002563.hg.1"
"TC21000281.hg.1",-1.09986055757575,4.12626965656566,-9.542185369222,5.23792834740319e-18,9.28126685537475e-16,30.3217950955087,"TC21000281.hg.1"
"TC12001837.hg.1",-1.63837075757576,6.95701558080808,-9.53148081115033,5.6222464533918e-18,9.91244216581374e-16,30.2524742420702,"TC12001837.hg.1"
"TC05002818.hg.1",-1.0931708060606,8.17535632828282,-9.52096869662446,6.02692166624216e-18,1.05207078383266e-15,30.1844271387044,"TC05002818.hg.1"
"TC03001908.hg.1",-1.61066616363636,4.53770434848485,-9.43138658896585,1.08855471114967e-17,1.7526973491874e-15,29.6056630510207,"TC03001908.hg.1"
"TC6_apd_hap1000092.hg.1",-1.5720603030303,5.83561120202021,-9.39437375084259,1.3889257283299e-17,2.19114174200862e-15,29.3671273804875,"TC6_apd_hap1000092.hg.1"
"TC01002864.hg.1",-1.41164610303031,6.32711303535354,-9.39085910039859,1.42141340947968e-17,2.21962851364646e-15,29.3444948965112,"TC01002864.hg.1"
"TC03002545.hg.1",-1.20139285151515,1.78097647222222,-9.38573498901465,1.47013623780624e-17,2.26911742486368e-15,29.3115040497559,"TC03002545.hg.1"
"TC0X002026.hg.1",-2.34190995151515,5.2171497979798,-9.38426096481857,1.48445704925311e-17,2.28079225456376e-15,29.302015015359,"TC0X002026.hg.1"
"TC21000589.hg.1",-1.2136090969697,4.33462608585859,-9.3555011815419,1.79333672354846e-17,2.67948063039848e-15,29.1169865666128,"TC21000589.hg.1"
"TC06001104.hg.1",-1.19263153333333,4.88946705555556,-9.34721061637182,1.89369448233869e-17,2.80665722364649e-15,29.0636885104327,"TC06001104.hg.1"
"TC18000103.hg.1",-1.2911314969697,5.37160005555555,-9.34240819557348,1.95436125942982e-17,2.88341880959768e-15,29.0328231181769,"TC18000103.hg.1"
"TC08001407.hg.1",-1.1159963939394,4.07746945959596,-9.33386471326282,2.0671007415049e-17,3.03712968136583e-15,28.9779286804348,"TC08001407.hg.1"
"TC16000898.hg.1",-1.75156318787879,7.03954576767677,-9.31410590773849,2.3532110191325e-17,3.43208383503282e-15,28.8510459449267,"TC16000898.hg.1"
"TC02002468.hg.1",-1.24683775151515,5.44382411616162,-9.31396139614078,2.35544230415025e-17,3.43208383503282e-15,28.8501183314956,"TC02002468.hg.1"
"TC21000805.hg.1",-1.32302046060606,3.20850467676768,-9.30082329286754,2.56733451114408e-17,3.7254348092472e-15,28.7658085266912,"TC21000805.hg.1"
"TC05002288.hg.1",-1.04038244242424,2.50452820707071,-9.25177733574892,3.53967704219389e-17,4.96257949222189e-15,28.4514770199469,"TC05002288.hg.1"
"TC08001665.hg.1",-1.24792001212121,4.74203702020202,-9.24576942066838,3.68154774573254e-17,5.13110260221928e-15,28.4130171342853,"TC08001665.hg.1"
"TC16001249.hg.1",-2.60547072727273,4.33260263636364,-9.21224374310639,4.58342904705397e-17,6.16864821918677e-15,28.1985806108837,"TC16001249.hg.1"
"TC12000653.hg.1",-1.11905365454546,4.94456956060606,-9.16580737338341,6.20553436744582e-17,8.10108164502298e-15,27.9020716193187,"TC12000653.hg.1"
"TC10002589.hg.1",-1.25032978181818,3.95671781818182,-9.16230164115038,6.34896873636607e-17,8.2458254547835e-15,27.8797106501567,"TC10002589.hg.1"
"TC12000216.hg.1",-1.9873422909091,3.87644284848485,-9.15406437778621,6.69908418875056e-17,8.60545563284619e-15,27.8271834636778,"TC12000216.hg.1"
"TC08002542.hg.1",-1.21758244848485,3.97559017171717,-9.13733099669202,7.47046501983708e-17,9.42467986751288e-15,27.7205364389852,"TC08002542.hg.1"
"TC08000598.hg.1",-1.15347962424242,5.58420558585859,-9.13694251540933,7.48938404903712e-17,9.43167555875438e-15,27.7180614530458,"TC08000598.hg.1"
"TC15001625.hg.1",-1.25777050909091,4.12707712121212,-9.13173194533397,7.747787487004e-17,9.68789391748197e-15,27.6848693600726,"TC15001625.hg.1"
"TC15001677.hg.1",-1.25777050909091,4.12707712121212,-9.13173194533397,7.747787487004e-17,9.68789391748197e-15,27.6848693600726,"TC15001677.hg.1"
"TC15001844.hg.1",-1.25777050909091,4.12707712121212,-9.13173194533397,7.747787487004e-17,9.68789391748197e-15,27.6848693600726,"TC15001844.hg.1"
"TC06000639.hg.1",-1.01265781818182,8.60326736363636,-9.10825371911156,9.02643334583854e-17,1.1109444308003e-14,27.5354038478793,"TC06000639.hg.1"
"TC20000416.hg.1",-1.53962037575758,5.54631280808081,-9.0927100380817,9.98616669280057e-17,1.20798359121162e-14,27.4365359249524,"TC20000416.hg.1"
"TC11002381.hg.1",-1.51472513333334,4.57896308585859,-9.09212169652141,1.00244194908976e-16,1.21053447903522e-14,27.432795028626,"TC11002381.hg.1"
"TC06001324.hg.1",-1.26549998181818,3.46356828787879,-9.07038327319264,1.15446317698438e-16,1.36833960723478e-14,27.2946426940369,"TC06001324.hg.1"
"TC05001973.hg.1",-1.22014634545454,5.71177804545454,-9.05113381225486,1.30807266871944e-16,1.52226417188286e-14,27.1724204114284,"TC05001973.hg.1"
"TC11003389.hg.1",-1.51962553939394,4.54978165656566,-9.02836756766282,1.51613040533174e-16,1.72454942863243e-14,27.0280055422709,"TC11003389.hg.1"
"TC21000040.hg.1",-1.26768216969697,4.83240176767677,-9.01976227932544,1.60306269344223e-16,1.80595511708669e-14,26.9734577655151,"TC21000040.hg.1"
"TC05001289.hg.1",-1.69147356969696,5.24678366161616,-9.00498309226652,1.76406859989767e-16,1.9583585043004e-14,26.8798243758384,"TC05001289.hg.1"
"TC09000274.hg.1",-1.11757502424243,3.92005881313132,-8.98518053193066,2.00523656175609e-16,2.18909130100193e-14,26.7544647657211,"TC09000274.hg.1"
"TC11002850.hg.1",-1.08347466666667,4.89018138383839,-8.96354394140874,2.30628961304227e-16,2.49457764387393e-14,26.61762560907,"TC11002850.hg.1"
"TC15000368.hg.1",-1.2840737030303,4.48242006565656,-8.89386190571667,3.61539550907996e-16,3.71133242338932e-14,26.1778641313202,"TC15000368.hg.1"
"TC21000077.hg.1",-1.19724816969697,5.80525449494949,-8.85757054323462,4.56661992914323e-16,4.57459854066716e-14,25.9494041187923,"TC21000077.hg.1"
"TC01003768.hg.1",-2.13339538787879,5.76834251010101,-8.84793298804911,4.85852568824012e-16,4.8055793423809e-14,25.8888009189634,"TC01003768.hg.1"
"TC05002075.hg.1",-1.04404804242425,5.13053914646465,-8.8245614496428,5.64561874045434e-16,5.46153594558383e-14,25.7419523661181,"TC05002075.hg.1"
"TC15000210.hg.1",-1.14440993333333,7.08789987373738,-8.81113134265298,6.15388747801574e-16,5.88861067316288e-14,25.6576434078212,"TC15000210.hg.1"
"TC12001290.hg.1",-1.18602444848485,3.03088044444445,-8.8009519040948,6.56916520927667e-16,6.22684459749756e-14,25.5937776902538,"TC12001290.hg.1"
"TC03000705.hg.1",-1.13673694545454,4.57537081818182,-8.79097046928822,7.00335168672453e-16,6.60290602945019e-14,25.5311851707085,"TC03000705.hg.1"
"TC05001317.hg.1",-1.65769674545455,5.69456440909091,-8.77758163621558,7.6307950610515e-16,7.1183407419383e-14,25.4472734533215,"TC05001317.hg.1"
"TC15000167.hg.1",-1.14172430909092,7.38819859090909,-8.74795360139682,9.22457158294148e-16,8.45896576846537e-14,25.2617833766627,"TC15000167.hg.1"
"TC15001126.hg.1",-1.14172430909092,7.38819859090909,-8.74795360139682,9.22457158294148e-16,8.45896576846537e-14,25.2617833766627,"TC15001126.hg.1"
"TC09001920.hg.1",-1.2518916969697,4.14609434343434,-8.74717549464204,9.27060427909279e-16,8.46879307738939e-14,25.2569156207921,"TC09001920.hg.1"
"TC02002500.hg.1",-1.21256033333333,2.51102881313131,-8.71282923024864,1.15465595890737e-15,1.02685753076954e-13,25.0422377163942,"TC02002500.hg.1"
"TC15001153.hg.1",-1.1562968,7.82084345454547,-8.66466477401165,1.56995875374766e-15,1.34530013597261e-13,24.7418173246443,"TC15001153.hg.1"
"TC0X002025.hg.1",-1.88899816969697,5.13954767676768,-8.62364000034759,2.03842403396873e-15,1.69124444879502e-13,24.4865135509541,"TC0X002025.hg.1"
"TC01000725.hg.1",-1.15617391515152,5.72722404040404,-8.62345120123353,2.04087262712288e-15,1.69128625478951e-13,24.4853398750268,"TC01000725.hg.1"
"TC06002976.hg.1",-1.04362844848485,2.94481738383838,-8.62139547931429,2.06772351968847e-15,1.70952011464232e-13,24.4725611568105,"TC06002976.hg.1"
"TC15001710.hg.1",-1.41164456969697,7.96158355555556,-8.6154915749804,2.14680188252848e-15,1.76867884534528e-13,24.4358690730569,"TC15001710.hg.1"
"TC02004677.hg.1",-1.60736469090909,2.45238239393939,-8.60378142549637,2.31263495037055e-15,1.89204123671673e-13,24.3631252331798,"TC02004677.hg.1"
"TC0X002326.hg.1",-2.11816773939394,3.86742685353535,-8.5563706166946,3.12425254005189e-15,2.48684058893105e-13,24.0690640985685,"TC0X002326.hg.1"
"TC04002938.hg.1",-1.08546727878788,4.46585302525253,-8.55064721725707,3.2396307389757e-15,2.56418045572148e-13,24.0336150532241,"TC04002938.hg.1"
"TC06003119.hg.1",-2.01202697575758,3.28584433838384,-8.52937077923382,3.70682902501871e-15,2.89818961564739e-13,23.9019298008414,"TC06003119.hg.1"
"TC10002843.hg.1",-2.44079487272727,4.95671915151515,-8.52351784032786,3.84667995423522e-15,2.99425397806325e-13,23.8657307414296,"TC10002843.hg.1"
"TC21000892.hg.1",-1.72922770303031,5.28981676262626,-8.51656989369299,4.01950214597486e-15,3.1047902501707e-13,23.8227740682136,"TC21000892.hg.1"
"TC14000377.hg.1",-1.03943736969697,5.24983985858586,-8.4909633327648,4.7255785587851e-15,3.59118509376295e-13,23.664596598107,"TC14000377.hg.1"
"TC14000694.hg.1",-1.55049442424242,4.31919731313131,-8.36918856428712,1.01718369736705e-14,7.06747250142037e-13,22.9153952096187,"TC14000694.hg.1"
"TC11003282.hg.1",-1.31746704848485,3.45567742929293,-8.36499464046118,1.04430521535621e-14,7.22743245363747e-13,22.8896830623437,"TC11003282.hg.1"
"TC18000692.hg.1",-1.14894412727273,4.57346546969697,-8.32434039152212,1.34732253998259e-14,9.05788631908413e-13,22.6407560170324,"TC18000692.hg.1"
"TC0X002160.hg.1",-1.08147369696969,4.17667064646465,-8.30535792067244,1.51722433518118e-14,1.00942652632059e-12,22.5247233897653,"TC0X002160.hg.1"
"TC10001678.hg.1",-1.41858353333334,5.50304469191919,-8.29700725485,1.59853713332202e-14,1.05952663771869e-12,22.4737190098569,"TC10001678.hg.1"
"TC04002167.hg.1",-1.40153167878788,3.88301220707071,-8.27675487746401,1.81412210733958e-14,1.19011472907822e-12,22.3501231964797,"TC04002167.hg.1"
"TC07001895.hg.1",-1.74267798787879,5.46533870707071,-8.25901995609423,2.02642125711089e-14,1.31713646373485e-12,22.2420100836148,"TC07001895.hg.1"
"TC05003324.hg.1",-1.35480592121212,4.51274455050505,-8.15753523147695,3.80924492168976e-14,2.31985647333616e-12,21.6255201164145,"TC05003324.hg.1"
"TC18000651.hg.1",-1.85100009515151,2.69313646616162,-8.11689119194121,4.89971944685604e-14,2.92337491159584e-12,21.3796682032002,"TC18000651.hg.1"
"TC05001324.hg.1",-1.50533363030303,5.45827758080808,-8.10414561996061,5.30155716212806e-14,3.14186315751897e-12,21.3026966153008,"TC05001324.hg.1"
"TC08000452.hg.1",-1.04695911515151,4.67252128282828,-8.09692381430703,5.54355706415289e-14,3.25790229029378e-12,21.2591101773904,"TC08000452.hg.1"
"TC11003308.hg.1",-2.18278038787879,3.78482676767677,-8.0660935096891,6.70581827319494e-14,3.86367991895855e-12,21.0732549605743,"TC11003308.hg.1"
"TC05002800.hg.1",-1.36337422424242,9.48479775252525,-8.06174285521885,6.88818433183863e-14,3.94298233469363e-12,21.0470563010006,"TC05002800.hg.1"
"TC01005631.hg.1",-1.73868433939394,6.91397129292929,-8.03653216544699,8.04582813553645e-14,4.51237348363803e-12,20.8953827639881,"TC01005631.hg.1"
"TC02002735.hg.1",-1.3215710060606,4.16866355555555,-7.93027991270998,1.54449051434569e-13,8.03260357988209e-12,20.2587889017461,"TC02002735.hg.1"
"TC05002512.hg.1",-2.01368811515151,6.12385169191919,-7.91686607082266,1.67652044448678e-13,8.63852388227129e-12,20.1787295548907,"TC05002512.hg.1"
"TC04002292.hg.1",-1.0319615030303,5.20033238383839,-7.87375420871627,2.18122898103162e-13,1.0979786683033e-11,19.9218933818222,"TC04002292.hg.1"
"TC15001156.hg.1",-1.07737343030303,3.60732908080808,-7.8176964639534,3.06796792498026e-13,1.47788457632092e-11,19.5890223430392,"TC15001156.hg.1"
"TC15000025.hg.1",-1.11419955151515,3.72576985858586,-7.80730121763316,3.26787427930635e-13,1.55551288918611e-11,19.5274319104816,"TC15000025.hg.1"
"TC15000138.hg.1",-1.11419955151515,3.72576985858586,-7.80730121763316,3.26787427930635e-13,1.55551288918611e-11,19.5274319104816,"TC15000138.hg.1"
"TC15000149.hg.1",-1.11419955151515,3.72576985858586,-7.80730121763316,3.26787427930635e-13,1.55551288918611e-11,19.5274319104816,"TC15000149.hg.1"
"TC15000208.hg.1",-1.11419955151515,3.72576985858586,-7.80730121763316,3.26787427930635e-13,1.55551288918611e-11,19.5274319104816,"TC15000208.hg.1"
"TC15001013.hg.1",-1.11419955151515,3.72576985858586,-7.80730121763316,3.26787427930635e-13,1.55551288918611e-11,19.5274319104816,"TC15001013.hg.1"
"TC15001052.hg.1",-1.11419955151515,3.72576985858586,-7.80730121763316,3.26787427930635e-13,1.55551288918611e-11,19.5274319104816,"TC15001052.hg.1"
"TC15001060.hg.1",-1.11419955151515,3.72576985858586,-7.80730121763316,3.26787427930635e-13,1.55551288918611e-11,19.5274319104816,"TC15001060.hg.1"
"TC15001064.hg.1",-1.11419955151515,3.72576985858586,-7.80730121763316,3.26787427930635e-13,1.55551288918611e-11,19.5274319104816,"TC15001064.hg.1"
"TC15001094.hg.1",-1.11419955151515,3.72576985858586,-7.80730121763316,3.26787427930635e-13,1.55551288918611e-11,19.5274319104816,"TC15001094.hg.1"
"TC15001114.hg.1",-1.11419955151515,3.72576985858586,-7.80730121763316,3.26787427930635e-13,1.55551288918611e-11,19.5274319104816,"TC15001114.hg.1"
"TC15001128.hg.1",-1.11419955151515,3.72576985858586,-7.80730121763316,3.26787427930635e-13,1.55551288918611e-11,19.5274319104816,"TC15001128.hg.1"
"TC15001155.hg.1",-1.11419955151515,3.72576985858586,-7.80730121763316,3.26787427930635e-13,1.55551288918611e-11,19.5274319104816,"TC15001155.hg.1"
"TC11002242.hg.1",-1.37332386666667,6.11379814141414,-7.79679809853578,3.48293837512891e-13,1.64551638654268e-11,19.4652460081776,"TC11002242.hg.1"
"TC04000636.hg.1",-1.14616822424242,4.97874102525252,-7.79392917827942,3.54407935843123e-13,1.6673723055013e-11,19.4482676143823,"TC04000636.hg.1"
"TC05001995.hg.1",-1.2709443030303,6.05872114141414,-7.78151722175386,3.82106457320362e-13,1.78814158524246e-11,19.3748509974763,"TC05001995.hg.1"
"TC11000721.hg.1",-1.09639765454546,6.25803056060606,-7.77109624896935,4.0700784317161e-13,1.89087049565161e-11,19.313258647626,"TC11000721.hg.1"
"TC07002874.hg.1",-1.16936593939394,2.70365562626263,-7.58264042838451,1.26533361081796e-12,5.2306636714956e-11,18.2070318099703,"TC07002874.hg.1"
"TC11002761.hg.1",-1.21476987272727,6.67869874242425,-7.51364745599967,1.90975598351396e-12,7.62205553058036e-11,17.805737108318,"TC11002761.hg.1"
"TC07003107.hg.1",-1.26371401212121,3.80732074747475,-7.47995258752875,2.33332476936113e-12,9.12995149925199e-11,17.6104875721789,"TC07003107.hg.1"
"TCUn_gl000221000001.hg.1",-1.29053921818182,4.63864892424242,-7.47214910391823,2.44395773258686e-12,9.50663161473927e-11,17.5653386095338,"TCUn_gl000221000001.hg.1"
"TC11002220.hg.1",-1.23437978181818,3.33813321212121,-7.46426192989348,2.56104178847063e-12,9.90742457752685e-11,17.5197320542106,"TC11002220.hg.1"
"TC11001396.hg.1",-1.45186755757576,5.33935997474748,-7.46153011159915,2.6028738664615e-12,1.0058217736135e-10,17.5039419194868,"TC11001396.hg.1"
"TC04000609.hg.1",-1.50024868484849,5.47275358080808,-7.45344811377842,2.73062627958646e-12,1.05001067129376e-10,17.4572461577766,"TC04000609.hg.1"
"TC09000323.hg.1",-1.3390218,4.95128428787879,-7.44997412058656,2.78742544999701e-12,1.06835654896815e-10,17.4371829627171,"TC09000323.hg.1"
"TC05000962.hg.1",-1.02080007878788,4.15984596464647,-7.44798590535921,2.82045596086198e-12,1.07750279375877e-10,17.425702861043,"TC05000962.hg.1"
"TC02003666.hg.1",-1.01174583515152,2.03055583434343,-7.44531574942115,2.86542475957546e-12,1.09290616722304e-10,17.4102878735574,"TC02003666.hg.1"
"TC17001827.hg.1",-1.84650450909091,4.91379872727273,-7.43747180873847,3.00166389045007e-12,1.13932369508186e-10,17.3650221374076,"TC17001827.hg.1"
"TC15002020.hg.1",-1.27001998787879,4.8119727979798,-7.40631528219213,3.60893060744406e-12,1.33813151014078e-10,17.1854882434189,"TC15002020.hg.1"
"TC15002023.hg.1",-1.27001998787879,4.8119727979798,-7.40631528219213,3.60893060744406e-12,1.33813151014078e-10,17.1854882434189,"TC15002023.hg.1"
"TC15002027.hg.1",-1.27001998787879,4.8119727979798,-7.40631528219213,3.60893060744406e-12,1.33813151014078e-10,17.1854882434189,"TC15002027.hg.1"
"TC15002030.hg.1",-1.27001998787879,4.8119727979798,-7.40631528219213,3.60893060744406e-12,1.33813151014078e-10,17.1854882434189,"TC15002030.hg.1"
"TC15002033.hg.1",-1.27001998787879,4.8119727979798,-7.40631528219213,3.60893060744406e-12,1.33813151014078e-10,17.1854882434189,"TC15002033.hg.1"
"TC15002037.hg.1",-1.27001998787879,4.8119727979798,-7.40631528219213,3.60893060744406e-12,1.33813151014078e-10,17.1854882434189,"TC15002037.hg.1"
"TC15002040.hg.1",-1.27001998787879,4.8119727979798,-7.40631528219213,3.60893060744406e-12,1.33813151014078e-10,17.1854882434189,"TC15002040.hg.1"
"TC15002042.hg.1",-1.27001998787879,4.8119727979798,-7.40631528219213,3.60893060744406e-12,1.33813151014078e-10,17.1854882434189,"TC15002042.hg.1"
"TC15002045.hg.1",-1.27001998787879,4.8119727979798,-7.40631528219213,3.60893060744406e-12,1.33813151014078e-10,17.1854882434189,"TC15002045.hg.1"
"TC15002048.hg.1",-1.27001998787879,4.8119727979798,-7.40631528219213,3.60893060744406e-12,1.33813151014078e-10,17.1854882434189,"TC15002048.hg.1"
"TC15002019.hg.1",-1.2648924,5.22416860606061,-7.40191455576645,3.70395805871091e-12,1.36333107606717e-10,17.1601639398812,"TC15002019.hg.1"
"TC15002022.hg.1",-1.2648924,5.22416860606061,-7.40191455576645,3.70395805871091e-12,1.36333107606717e-10,17.1601639398812,"TC15002022.hg.1"
"TC15002026.hg.1",-1.2648924,5.22416860606061,-7.40191455576645,3.70395805871091e-12,1.36333107606717e-10,17.1601639398812,"TC15002026.hg.1"
"TC15002036.hg.1",-1.2648924,5.22416860606061,-7.40191455576645,3.70395805871091e-12,1.36333107606717e-10,17.1601639398812,"TC15002036.hg.1"
"TC15002039.hg.1",-1.2648924,5.22416860606061,-7.40191455576645,3.70395805871091e-12,1.36333107606717e-10,17.1601639398812,"TC15002039.hg.1"
"TC15002041.hg.1",-1.2648924,5.22416860606061,-7.40191455576645,3.70395805871091e-12,1.36333107606717e-10,17.1601639398812,"TC15002041.hg.1"
"TC15002044.hg.1",-1.2648924,5.22416860606061,-7.40191455576645,3.70395805871091e-12,1.36333107606717e-10,17.1601639398812,"TC15002044.hg.1"
"TC15002047.hg.1",-1.2648924,5.22416860606061,-7.40191455576645,3.70395805871091e-12,1.36333107606717e-10,17.1601639398812,"TC15002047.hg.1"
"TC15002050.hg.1",-1.2648924,5.22416860606061,-7.40191455576645,3.70395805871091e-12,1.36333107606717e-10,17.1601639398812,"TC15002050.hg.1"
"TC15002051.hg.1",-1.2648924,5.22416860606061,-7.40191455576645,3.70395805871091e-12,1.36333107606717e-10,17.1601639398812,"TC15002051.hg.1"
"TC03003038.hg.1",-1.08167500000001,7.38783507575758,-7.39954403363191,3.75616604532324e-12,1.37966717715797e-10,17.1465261032816,"TC03003038.hg.1"
"TC03002264.hg.1",-1.42581307878788,5.80605452525253,-7.37488712632819,4.34420719347066e-12,1.58247171438601e-10,17.0048185508204,"TC03002264.hg.1"
"TC01006074.hg.1",-1.01623346666667,7.21070908080808,-7.36844067763711,4.51238655822829e-12,1.63781285252668e-10,16.9678137075387,"TC01006074.hg.1"
"TC15001760.hg.1",-1.19926727272728,4.35067633333333,-7.34630818836847,5.14022164688267e-12,1.84386496034134e-10,16.8409049995398,"TC15001760.hg.1"
"TC0X001378.hg.1",-1.39901264242424,5.60724967676768,-7.3422861350063,5.26324096810519e-12,1.88416011570397e-10,16.8178656059424,"TC0X001378.hg.1"
"TC02002137.hg.1",-1.37029772121212,4.43074041414142,-7.32042427797665,5.98453307785308e-12,2.10812800324392e-10,16.6927605481081,"TC02002137.hg.1"
"TC17001825.hg.1",-1.97207664242425,4.93101728282828,-7.31977210159253,6.00748662375075e-12,2.11515716009373e-10,16.6890317139102,"TC17001825.hg.1"
"TC02004433.hg.1",-1.26431298181819,3.48130248484849,-7.31675720551568,6.11473163261822e-12,2.14862590397177e-10,16.6717964340891,"TC02004433.hg.1"
"TC07001722.hg.1",-1.35157086060606,4.15555382828283,-7.30447503492748,6.57151276729464e-12,2.28860639450824e-10,16.6016247282498,"TC07001722.hg.1"
"TC02000729.hg.1",-2.14527384787879,4.1576348540404,-7.29099956110094,7.1114853030397e-12,2.4527322029338e-10,16.5247128487467,"TC02000729.hg.1"
"TC01004981.hg.1",-1.13804653333333,3.72677822222222,-7.2837890540987,7.41817105595933e-12,2.54698966591733e-10,16.4835919472577,"TC01004981.hg.1"
"TC05002857.hg.1",-1.14492493333334,6.02225955555556,-7.27664197231757,7.73503573321891e-12,2.64626882944932e-10,16.4428557761621,"TC05002857.hg.1"
"TC12000846.hg.1",-1.24714223636364,5.8545711969697,-7.23883800447672,9.64684241848667e-12,3.22428562975799e-10,16.2277674799302,"TC12000846.hg.1"
"TC03000002.hg.1",-1.11189130909091,4.67089809090909,-7.23814282382847,9.68604666296395e-12,3.23443146792249e-10,16.2238182491647,"TC03000002.hg.1"
"TC03003130.hg.1",-1.1234644,5.96469075757576,-7.22646414531257,1.0368664737393e-11,3.43622811689458e-10,16.1575059711776,"TC03003130.hg.1"
"TC15002028.hg.1",-1.25947564848485,5.21415723232323,-7.22468546655013,1.0476712780366e-11,3.46065206280914e-10,16.1474119545163,"TC15002028.hg.1"
"TC15002031.hg.1",-1.25947564848485,5.21415723232323,-7.22468546655013,1.0476712780366e-11,3.46065206280914e-10,16.1474119545163,"TC15002031.hg.1"
"TC15002034.hg.1",-1.25947564848485,5.21415723232323,-7.22468546655013,1.0476712780366e-11,3.46065206280914e-10,16.1474119545163,"TC15002034.hg.1"
"TC15002043.hg.1",-1.25947564848485,5.21415723232323,-7.22468546655013,1.0476712780366e-11,3.46065206280914e-10,16.1474119545163,"TC15002043.hg.1"
"TC15002046.hg.1",-1.25947564848485,5.21415723232323,-7.22468546655013,1.0476712780366e-11,3.46065206280914e-10,16.1474119545163,"TC15002046.hg.1"
"TC15002049.hg.1",-1.25947564848485,5.21415723232323,-7.22468546655013,1.0476712780366e-11,3.46065206280914e-10,16.1474119545163,"TC15002049.hg.1"
"TC06000758.hg.1",-1.2413884969697,5.5313977070707,-7.20436276459385,1.1792957409e-11,3.84678415982844e-10,16.032182677083,"TC06000758.hg.1"
"TC08002421.hg.1",-1.37084864242424,4.12735734343434,-7.20186732399864,1.19654323436269e-11,3.89943708488723e-10,16.0180465656938,"TC08002421.hg.1"
"TC15002670.hg.1",-1.07396901818182,2.88311036363636,-7.18566827939307,1.31471624825754e-11,4.24337455267125e-10,15.9263518511997,"TC15002670.hg.1"
"TC0X000544.hg.1",-1.23786433333333,4.52423587373737,-7.16660465982518,1.46860041181104e-11,4.70345625986148e-10,15.8185963289766,"TC0X000544.hg.1"
"TC15000045.hg.1",-1.19650566060606,4.63927740404041,-7.14002340134764,1.71322246331653e-11,5.3650793863442e-10,15.6686273970228,"TC15000045.hg.1"
"TC15000953.hg.1",-1.15343355757576,7.07244261111111,-7.09913303307947,2.1700614230108e-11,6.61648256528279e-10,15.4385671724034,"TC15000953.hg.1"
"TC04000313.hg.1",-1.84834926666668,6.85240036868687,-7.09403194179406,2.23488696219053e-11,6.78772322284938e-10,15.4099217091061,"TC04000313.hg.1"
"TC0X001832.hg.1",-1.35650364848484,4.37273783838384,-7.08939369843146,2.29548634269167e-11,6.94187750195731e-10,15.3838859551735,"TC0X001832.hg.1"
"TC15002091.hg.1",-1.10854053333334,4.31194697979798,-7.07171330204888,2.54171197325387e-11,7.64388714242143e-10,15.284733391584,"TC15002091.hg.1"
"TC12002779.hg.1",-1.09215977575757,2.47463815656566,-7.06848432533109,2.58941297277914e-11,7.76746793191423e-10,15.2666409697063,"TC12002779.hg.1"
"TC03000846.hg.1",-1.31811238787878,5.68398788888889,-7.06616001984601,2.62429486078177e-11,7.86207079298694e-10,15.2536205851519,"TC03000846.hg.1"
"TC06000976.hg.1",-1.45159169090909,5.72903265151515,-7.06546097065538,2.63487615418129e-11,7.88372384477415e-10,15.2497051213138,"TC06000976.hg.1"
"TC08001960.hg.1",-1.2803976060606,3.95371117676768,-7.04996440810837,2.88055117380415e-11,8.51404486295851e-10,15.1629659926038,"TC08001960.hg.1"
"TC04000158.hg.1",-1.05967728484849,5.5575548989899,-7.02480694766964,3.32831812242413e-11,9.72743385610098e-10,15.0223933212513,"TC04000158.hg.1"
"TC10002003.hg.1",-2.41872527878788,4.67266872222222,-7.02387706516468,3.34612197083017e-11,9.76732449291622e-10,15.0172031503854,"TC10002003.hg.1"
"TC09000920.hg.1",-1.01102408484848,3.79365638383838,-7.00524839017115,3.7232415437647e-11,1.07085711007715e-09,14.913313139305,"TC09000920.hg.1"
"TC17002016.hg.1",-1.26979798181818,3.50126574242424,-6.99782914513337,3.8848414809033e-11,1.11279722078694e-09,14.8719828564529,"TC17002016.hg.1"
"TC01003020.hg.1",-1.00295124242424,4.36061993434343,-6.95046489869923,5.09223409641702e-11,1.4133003745833e-09,14.6087524312354,"TC01003020.hg.1"
"TC03003056.hg.1",-1.33381042424243,6.78287628282828,-6.93689901170293,5.50159071013834e-11,1.51144792228705e-09,14.5335577158713,"TC03003056.hg.1"
"TC10000247.hg.1",-2.88206929636363,3.74305052575758,-6.92515790442624,5.88194456379629e-11,1.60282989363449e-09,14.4685494255277,"TC10000247.hg.1"
"TC04002645.hg.1",-1.33757766060606,4.39706104040404,-6.92352644065762,5.93680620007837e-11,1.61653043879586e-09,14.4595216013626,"TC04002645.hg.1"
"TC14000705.hg.1",-1.04445625454545,3.86457324242424,-6.91850277675302,6.10892455358009e-11,1.65891292372787e-09,14.4317308944384,"TC14000705.hg.1"
"TC05000701.hg.1",-1.11279983636364,7.25277622727272,-6.90919108668142,6.44105961344928e-11,1.74059784747713e-09,14.380251395043,"TC05000701.hg.1"
"TC0X001547.hg.1",-1.04710960606061,4.82065044949495,-6.8766233797136,7.74878504142804e-11,2.05903378853289e-09,14.2005335422577,"TC0X001547.hg.1"
"TC10000245.hg.1",-2.76428816969697,5.04175382828283,-6.87246925753312,7.93336403377807e-11,2.10332568328621e-09,14.1776471774779,"TC10000245.hg.1"
"TC10002005.hg.1",-1.89831756969697,4.03285035858586,-6.8573968432104,8.64017029859851e-11,2.27192665909047e-09,14.0946795461334,"TC10002005.hg.1"
"TC02002509.hg.1",-1.69190053333333,4.3672471010101,-6.81866850772118,1.07533404094695e-10,2.77380331271768e-09,13.8820082975357,"TC02002509.hg.1"
"TC14001443.hg.1",-1.09707782424242,6.47636481313131,-6.79410882043198,1.2349200523988e-10,3.1417845185902e-09,13.7475267973932,"TC14001443.hg.1"
"TC0X001292.hg.1",-1.2600002909091,8.92061796969697,-6.79329549576612,1.2405858186784e-10,3.15506071729739e-09,13.743078403381,"TC0X001292.hg.1"
"TC11003400.hg.1",-1.18772392727272,5.90175627272727,-6.78808113491764,1.27752295938761e-10,3.23732488914453e-09,13.7145668305777,"TC11003400.hg.1"
"TC14000676.hg.1",-1.47372478787879,7.21652885858586,-6.75267031535817,1.55864600437324e-10,3.8776862541448e-09,13.5213034851984,"TC14000676.hg.1"
"TC15000159.hg.1",-1.3969858969697,4.9180982979798,-6.58576184549142,3.94714506578311e-10,8.87945651597548e-09,12.6189113531998,"TC15000159.hg.1"
"TC15000185.hg.1",-1.3969858969697,4.9180982979798,-6.58576184549142,3.94714506578311e-10,8.87945651597548e-09,12.6189113531998,"TC15000185.hg.1"
"TC15000960.hg.1",-1.3969858969697,4.9180982979798,-6.58576184549142,3.94714506578311e-10,8.87945651597548e-09,12.6189113531998,"TC15000960.hg.1"
"TC15001139.hg.1",-1.3969858969697,4.9180982979798,-6.58576184549142,3.94714506578311e-10,8.87945651597548e-09,12.6189113531998,"TC15001139.hg.1"
"TC15001173.hg.1",-1.3969858969697,4.9180982979798,-6.58576184549142,3.94714506578311e-10,8.87945651597548e-09,12.6189113531998,"TC15001173.hg.1"
"TC02000266.hg.1",-1.00333800606061,4.81545754040404,-6.5327793612007,5.28582966807394e-10,1.15624244938455e-08,12.3354622827133,"TC02000266.hg.1"
"TC13000563.hg.1",-1.00409363636364,5.45005284848485,-6.5055142235349,6.13958834475074e-10,1.32694510829561e-08,12.1901703718973,"TC13000563.hg.1"
"TC06002176.hg.1",-1.25383431515152,7.71914652525253,-6.49524376478037,6.4951775243639e-10,1.39836189163414e-08,12.1355421386899,"TC06002176.hg.1"
"TC09001627.hg.1",-1.34695715151515,5.00465197979798,-6.48179646646317,6.99150475628298e-10,1.49322195617003e-08,12.0641006780603,"TC09001627.hg.1"
"TC15001679.hg.1",-1.40577653939394,4.4693697929293,-6.45374465640501,8.14989253735297e-10,1.71053395587195e-08,11.9153784747255,"TC15001679.hg.1"
"TC01001488.hg.1",-1.45135016969697,5.51744425252525,-6.45369506422144,8.15209878434784e-10,1.71053395587195e-08,11.9151159224651,"TC01001488.hg.1"
"TC10000248.hg.1",-1.65074375757576,3.96723983838384,-6.45112716545275,8.26714447355868e-10,1.73158250581758e-08,11.901522674724,"TC10000248.hg.1"
"TC14000678.hg.1",-1.51086052121212,6.42905380808081,-6.43319773610461,9.11608130950984e-10,1.88975132919037e-08,11.8067107338908,"TC14000678.hg.1"
"TC0X001180.hg.1",-1.23024301818182,6.00213618181818,-6.41278657235222,1.01870597935611e-09,2.08843609831776e-08,11.698984505117,"TC0X001180.hg.1"
"TC08001816.hg.1",-1.45836023636364,4.45102977272727,-6.38919853454493,1.15792524626651e-09,2.34185150967746e-08,11.5747699895729,"TC08001816.hg.1"
"TC06001041.hg.1",-1.06423473333333,6.13559441919192,-6.37817158355096,1.22926053935379e-09,2.4712411920424e-08,11.5168049491504,"TC06001041.hg.1"
"TC14000691.hg.1",-1.17589841212121,8.10156995959596,-6.37604989112335,1.24347306254477e-09,2.4963071300354e-08,11.5056594465954,"TC14000691.hg.1"
"TC06001109.hg.1",-1.00314026060606,4.16011954040404,-6.27622400030098,2.12993327866976e-09,4.0120001231738e-08,10.984030346124,"TC06001109.hg.1"
"TC09001475.hg.1",-1.42759946666667,5.54611038383838,-6.27364024025456,2.15965835077444e-09,4.06148228991109e-08,10.9706016432441,"TC09001475.hg.1"
"TC08000127.hg.1",-1.35460598181818,5.36560716666666,-6.27116470956666,2.18852003292162e-09,4.11027958140431e-08,10.9577388979247,"TC08000127.hg.1"
"TC14000671.hg.1",-1.04562643636364,4.01505324242424,-6.2667231950028,2.24125453645622e-09,4.19702585434154e-08,10.9346694616686,"TC14000671.hg.1"
"TC07000927.hg.1",-3.36176828484849,6.53526245959595,-6.25572462154127,2.37726797284145e-09,4.43172268698646e-08,10.8775892353048,"TC07000927.hg.1"
"TC17001243.hg.1",-1.09593616969697,6.93491970707071,-6.25202922028897,2.42476003295179e-09,4.5130998100781e-08,10.8584259080318,"TC17001243.hg.1"
"TC14001863.hg.1",-1.11764566666667,3.42210221717172,-6.21184450653665,3.00524332409306e-09,5.4934882048993e-08,10.6505281731145,"TC14001863.hg.1"
"TC01003565.hg.1",-1.20893069090909,3.87976263636363,-6.17677591483791,3.62171288160882e-09,6.49577969353253e-08,10.4698344993264,"TC01003565.hg.1"
"TC0X000207.hg.1",-1.43752212121212,5.40263026262626,-6.16701090773528,3.81440521197988e-09,6.81715996282208e-08,10.4196421960677,"TC0X000207.hg.1"
"TC08000497.hg.1",-1.94318407272727,5.5243813030303,-6.16431815162925,3.869286596463e-09,6.90333878641273e-08,10.4058108100496,"TC08000497.hg.1"
"TC0X000978.hg.1",-1.0660940060606,5.41774587373738,-6.14070781440741,4.38485519978057e-09,7.72310547587725e-08,10.2847108192452,"TC0X000978.hg.1"
"TC11000549.hg.1",-2.31415504848485,5.49376376262626,-6.13307127030176,4.5655978831122e-09,7.99353673065347e-08,10.245609492926,"TC11000549.hg.1"
"TC10002006.hg.1",-1.46457246060606,3.93575173737374,-6.10459010624129,5.3064140725765e-09,9.14526489834585e-08,10.1000690124985,"TC10002006.hg.1"
"TC06000820.hg.1",-1.27363115757576,4.55332130808081,-6.08836433011873,5.77986960304228e-09,9.8839414164731e-08,10.0173604286373,"TC06000820.hg.1"
"TC14000689.hg.1",-1.2765094969697,7.37214635858586,-6.03351085009568,7.70776772652224e-09,1.27960193827102e-07,9.73886718758835,"TC14000689.hg.1"
"TC04002187.hg.1",-1.14265959393939,6.53516991414141,-6.03342844580822,7.71109176500762e-09,1.27965107745564e-07,9.73845011748673,"TC04002187.hg.1"
"TC14000702.hg.1",-1.0646114969697,3.80149608585858,-6.01921418572353,8.30598744669005e-09,1.36956547276811e-07,9.6665665366914,"TC14000702.hg.1"
"TC04001411.hg.1",-1.4917712060606,5.45056926767677,-5.981572638001,1.01070512682826e-08,1.62995558333659e-07,9.47677222582327,"TC04001411.hg.1"
"TC14002211.hg.1",-1.37648328484849,9.8804232020202,-5.90133381469342,1.53163433285822e-08,2.38076808587526e-07,9.07495297556146,"TC14002211.hg.1"
"TC19000020.hg.1",-1.27073068484849,7.58310558080808,-5.89029502105953,1.62131454487634e-08,2.50361212280083e-07,9.01996893538142,"TC19000020.hg.1"
"TC04000403.hg.1",-1.00577566666667,2.39324282323232,-5.87258107456543,1.77606869228361e-08,2.71464439501337e-07,8.93188662299035,"TC04000403.hg.1"
"TC08001166.hg.1",-1.07624015151515,7.72730266161616,-5.81349726916592,2.40410113243624e-08,3.57462416535528e-07,8.63944147024021,"TC08001166.hg.1"
"TC15001777.hg.1",-1.09768595151515,4.02868982828283,-5.78923436663871,2.7208039654029e-08,3.98420386320824e-07,8.51995253681998,"TC15001777.hg.1"
"TC04000493.hg.1",-1.12556373333334,3.98889473737374,-5.68840658643982,4.53360389252269e-08,6.32489312190658e-07,8.02720958391513,"TC04000493.hg.1"
"TC14001659.hg.1",-1.02658662969697,2.11433732373737,-5.66072574701031,5.21035038769404e-08,7.16974712958725e-07,7.89301780465164,"TC14001659.hg.1"
"TC12001770.hg.1",-1.07478816363637,2.63218683333333,-5.63035371972216,6.06649493330188e-08,8.21954701597019e-07,7.74632167934751,"TC12001770.hg.1"
"TC01001747.hg.1",-1.03528773333334,6.26768291919192,-5.62962727268045,6.08856891188663e-08,8.24628664054122e-07,7.74281992666807,"TC01001747.hg.1"
"TC11000548.hg.1",-2.11814527878788,5.25415863131313,-5.5232462320824,1.03282379760769e-07,1.32360226564941e-06,7.2335641569484,"TC11000548.hg.1"
"TC04001410.hg.1",-2.15189831515152,6.60588134343435,-5.52088210898848,1.04494413091105e-07,1.33791532025468e-06,7.22232727728043,"TC04001410.hg.1"
"TC0X000954.hg.1",-1.14959087272727,6.411738,-5.50030457758819,1.15646655741783e-07,1.45977252602073e-06,7.1246691859938,"TC0X000954.hg.1"
"TC02004744.hg.1",-1.14720650303031,6.35166161111111,-5.49116076413903,1.20966972848281e-07,1.52121145259973e-06,7.08135966514006,"TC02004744.hg.1"
"TC01004997.hg.1",-1.08919268484849,6.2245116111111,-5.48708862876948,1.23412434221336e-07,1.54920169074249e-06,7.06208907391597,"TC01004997.hg.1"
"TC03002146.hg.1",-1.56984205454546,8.63138728787879,-5.47515679220576,1.30858684714203e-07,1.63452834256106e-06,7.00568441067514,"TC03002146.hg.1"
"TC03002222.hg.1",-1.01655993333333,5.05905614646465,-5.41131030373529,1.78775134258244e-07,2.16889021044111e-06,6.70540469665796,"TC03002222.hg.1"
"TC12001681.hg.1",-1.26710195757576,4.44833791414142,-5.39621298796185,1.92393255572897e-07,2.3173611550414e-06,6.6347804704182,"TC12001681.hg.1"
"TC10002004.hg.1",-1.39430427939394,2.24460479747475,-5.37918297607848,2.08968440478537e-07,2.49569539845349e-06,6.55529090878936,"TC10002004.hg.1"
"TC11000550.hg.1",-2.20656172727273,5.78540243939394,-5.35916641632995,2.3023218143932e-07,2.72153270728213e-06,6.46210006803845,"TC11000550.hg.1"
"TC13000748.hg.1",-1.03274202424242,5.99301561616161,-5.34544230076279,2.46013485916526e-07,2.88828309567303e-06,6.39835439086578,"TC13000748.hg.1"
"TC08002303.hg.1",-1.66395250303031,7.16157164141414,-5.33112135738681,2.63602586062114e-07,3.07425916600934e-06,6.33196658157529,"TC08002303.hg.1"
"TC01000593.hg.1",-1.33997703030303,5.06458083838384,-5.32605139215782,2.70118185209091e-07,3.14245212396911e-06,6.30849554831152,"TC01000593.hg.1"
"TC0X001889.hg.1",-1.45633927272727,7.13680806060606,-5.21512121695558,4.59006305150665e-07,5.02725604257499e-06,5.79915391380449,"TC0X001889.hg.1"
"TC04001270.hg.1",-1.32896834545455,8.48408350000001,-5.20384118374436,4.84221861323787e-07,5.28046672740644e-06,5.74781417203522,"TC04001270.hg.1"
"TC09001211.hg.1",-1.00750064242424,6.1840354040404,-5.14207560574387,6.48032310770053e-07,6.86431858571542e-06,5.46819259666324,"TC09001211.hg.1"
"TC01003491.hg.1",-1.25910432727272,6.70503087878788,-5.05182617934877,9.87638187005143e-07,1.00044826001384e-05,5.06421146990776,"TC01003491.hg.1"
"TC21000363.hg.1",-1.28426755151516,3.40771285858586,-5.03765642693415,1.05468421132322e-06,1.0599899477718e-05,5.00128309046853,"TC21000363.hg.1"
"TC22001439.hg.1",-1.11092672121213,5.31243327777778,-4.98684146419432,1.33336444529855e-06,1.29611110648917e-05,4.77673510590014,"TC22001439.hg.1"
"TC15001834.hg.1",-1.2701852969697,6.44051931313131,-4.98072239433146,1.37139077404878e-06,1.32740312322595e-05,4.74981424496552,"TC15001834.hg.1"
"TC09001334.hg.1",-1.5885926060606,5.60711888888889,-4.97865661322157,1.38446402057749e-06,1.33840378510194e-05,4.7407316244052,"TC09001334.hg.1"
"TC03001169.hg.1",-1.14865747878787,5.02576504040404,-4.97656000380241,1.39785579852455e-06,1.34926232293689e-05,4.73151644985038,"TC03001169.hg.1"
"TC09000045.hg.1",-1.1951416,4.7668033030303,-4.96184733456926,1.49542489681539e-06,1.43407465322426e-05,4.6669350045637,"TC09000045.hg.1"
"TC17001513.hg.1",-1.10766908484848,6.75388194444444,-4.90930008253362,1.9007025956516e-06,1.77095057673587e-05,4.43749392220364,"TC17001513.hg.1"
"TC07001618.hg.1",-1.37042237575758,6.60246226262626,-4.87539840449146,2.21659822227222e-06,2.03067233605227e-05,4.29047957037108,"TC07001618.hg.1"
"TC0X001278.hg.1",-1.43756768484848,6.08150335353536,-4.87377553933866,2.23292978493983e-06,2.04214481266918e-05,4.28346204407965,"TC0X001278.hg.1"
"TC09001935.hg.1",-1.05415608484849,4.70335880808081,-4.87356773567578,2.23502938814074e-06,2.04331057220442e-05,4.2825636003878,"TC09001935.hg.1"
"TC10001663.hg.1",-1.08722467878788,5.65313722222222,-4.8427212084402,2.56882155140205e-06,2.31102184295863e-05,4.14953163511078,"TC10001663.hg.1"
"TC04000374.hg.1",-1.26784263030303,2.58274856565657,-4.69843891721058,4.88433022372501e-06,4.10068595675904e-05,3.5361607344154,"TC04000374.hg.1"
"TC08000149.hg.1",-1.10210877575757,6.03056502020202,-4.68149333204526,5.26234979986082e-06,4.38464904224462e-05,3.46509040502862,"TC08000149.hg.1"
"TC08002271.hg.1",-1.01107607878788,6.05783554040404,-4.50482823585353,1.1313616135555e-05,8.66971440899228e-05,2.73646886348529,"TC08002271.hg.1"
"TC03001612.hg.1",-1.2164680060606,6.98972708585858,-4.50414902890927,1.13464856771522e-05,8.69202921366291e-05,2.7337113684309,"TC03001612.hg.1"
"TC11002587.hg.1",-1.16119514545455,8.28513095454546,-4.46573660467423,1.33625354725307e-05,0.000100326422775394,2.57831265808918,"TC11002587.hg.1"
"TC07000509.hg.1",-1.06127652121212,4.68082980808081,-4.46043081165853,1.36667253075504e-05,0.000102283611255903,2.55693317161127,"TC07000509.hg.1"
"TC01004601.hg.1",-1.06957755151515,7.52541682828283,-4.45840217379401,1.37847800682582e-05,0.000103046856556473,2.54876433511725,"TC01004601.hg.1"
"TC07001582.hg.1",-1.09602300606061,6.26856994949495,-4.45801406284852,1.38074772413195e-05,0.000103183714897698,2.54720185136821,"TC07001582.hg.1"
"TC03001027.hg.1",-1.61033364848484,5.71158841414142,-4.44068890432076,1.48580710437618e-05,0.000109951284807892,2.47756621903754,"TC03001027.hg.1"
"TC08001365.hg.1",-1.9424453939394,6.02416608080808,-4.430959024814,1.54813318137058e-05,0.000113870459271796,2.43855576963423,"TC08001365.hg.1"
"TC11001505.hg.1",-1.06354842424242,4.39836243434344,-4.42043282308797,1.61838638006902e-05,0.00011830979857117,2.39643145370315,"TC11001505.hg.1"
"TC03003141.hg.1",-1.00647711515152,2.42972094949495,-4.41931393037076,1.62603152450675e-05,0.00011879480079021,2.39195863296571,"TC03003141.hg.1"
"TC08000700.hg.1",-1.07704453333334,6.66209943434344,-4.40212525144077,1.74792741981477e-05,0.000126598629380299,2.32336281617482,"TC08000700.hg.1"
"TC03001885.hg.1",-1.14030128545455,2.15419026212121,-4.38295604592707,1.89421124660539e-05,0.000135868042864475,2.24712198234904,"TC03001885.hg.1"
"TC05001804.hg.1",-1.04924198787879,7.57169037373737,-4.35563191553311,2.12318358552382e-05,0.000150387675962139,2.13891994178007,"TC05001804.hg.1"
"TC01003050.hg.1",-1.25754281818182,4.42207534848485,-4.30097677784181,2.66334554241929e-05,0.000183133049695033,1.9241642744841,"TC01003050.hg.1"
"TC01000939.hg.1",-1.06957297575758,7.56411561111111,-4.19600330020519,4.09161436689168e-05,0.000266783394966995,1.51801068551041,"TC01000939.hg.1"
"TC02004944.hg.1",-1.05643923030302,7.42879748989899,-4.03724716838551,7.71472557793656e-05,0.000465729833875038,0.919763759972892,"TC02004944.hg.1"
"TC07000768.hg.1",-1.22514865454546,4.89362681818182,-4.01353674379734,8.46777058920329e-05,0.00050505123922732,0.832087592007889,"TC07000768.hg.1"
"TC02003398.hg.1",-1.13375032121212,8.09565997474747,-3.98458436066248,9.4823596021599e-05,0.000556945486985194,0.725622341479576,"TC02003398.hg.1"
"TC12000471.hg.1",-1.86663088484848,8.00352702020202,-3.91609980382281,0.000123623049035568,0.000701784455214954,0.476402033226163,"TC12000471.hg.1"
"TC15000092.hg.1",-1.23754832727273,4.79613918181818,-3.90878514657518,0.000127148881794262,0.000718265467933459,0.450001618825365,"TC15000092.hg.1"
"TC0X001279.hg.1",-1.10959086666667,5.37491148989899,-3.90652819662566,0.000128255922187767,0.000723425769851064,0.44186425206402,"TC0X001279.hg.1"
"TC05002693.hg.1",-1.08184904242424,7.99817819191919,-3.89757121138423,0.000132740240537349,0.000745202991833744,0.409609776025988,"TC05002693.hg.1"
"TC16001572.hg.1",-1.00437556969697,4.87004008585859,-3.73069246657345,0.00024906170186384,0.00128499366453607,-0.179658046250729,"TC16001572.hg.1"
"TC11000837.hg.1",-1.10255993939394,6.12111144444445,-3.51499978030395,0.000544482848816917,0.00252583593159547,-0.90798939042477,"TC11000837.hg.1"
"TC11001415.hg.1",-1.10969715151515,5.82106125252525,-3.43070674363601,0.000732006664613179,0.00325701521174716,-1.18224177634226,"TC11001415.hg.1"
"TC01000594.hg.1",-1.00065373333333,4.65331997979798,-2.8735053466766,0.00450032142323637,0.0152650746828386,-2.84405131766404,"TC01000594.hg.1"
