"TC_ID","logFC","AveExpr","t","P.Value","adj.P.Val","B","Gene_Symbol"
"TC01000563.hg.1",1.32937550303031,5.23287831313131,9.07111583715842,1.14898555068326e-16,1.36644026965996e-14,27.2992961116153,"KIF2C"
"TC01000593.hg.1",-1.33997703030303,5.06458083838384,-5.32605139215782,2.70118185209091e-07,3.14245212396911e-06,6.30849554831152,"CYP4X1"
"TC01000594.hg.1",-1.00065373333333,4.65331997979798,-2.8735053466766,0.00450032142323637,0.0152650746828386,-2.84405131766404,"CYP4Z1"
"TC01000725.hg.1",-1.15617391515152,5.72722404040404,-8.62345120123353,2.04087262712288e-15,1.69128625478951e-13,24.4853398750268,"CACHD1"
"TC01000785.hg.1",-1.50297566666667,4.25586421717172,-12.0872883380903,1.40440016652068e-25,2.60638191956678e-22,47.404203115947,"AK5"
"TC01000846.hg.1",1.00510545454546,4.68018372727273,8.01026195488461,9.45722707823611e-14,5.21056269717535e-12,20.7375893078929,"CDC7"
"TC01001045.hg.1",1.04460254545454,5.0090746060606,8.48282151087907,4.97487731135926e-15,3.74832556227553e-13,23.6143486403408,"FAM72B"
"TC01001172.hg.1",1.11239044242424,4.58310648989899,7.57002034701811,1.36448760559549e-12,5.58813933852558e-11,18.1334775056614,"FCGR1A"
"TC01001382.hg.1",1.069147,7.21324016666667,7.12121619410812,1.91016770763458e-11,5.91355387381533e-10,15.5627164252225,"FCER1G"
"TC01001430.hg.1",1.76040970909091,4.66015412121212,8.90961040424388,3.26651091124187e-16,3.39770131258865e-14,26.2771263907624,"NUF2"
"TC01001488.hg.1",-1.45135016969697,5.51744425252525,-6.45369506422144,8.15209878434784e-10,1.71053395587195e-08,11.9151159224651,"FMO2"
"TC01001622.hg.1",1.27841104848484,5.63227275252525,6.36015718555658,1.35518954126232e-09,2.69825048047552e-08,11.4222506354048,"RGS1"
"TC01001747.hg.1",-1.03528773333334,6.26768291919192,-5.62962727268045,6.08856891188663e-08,8.24628664054122e-07,7.74281992666807,"MIR205"
"TC01001767.hg.1",1.51358398787878,4.98468205050505,9.45666743106932,9.21467082166681e-18,1.52546063463946e-15,29.7687906828308,"DTL"
"TC01001791.hg.1",2.05395629090909,5.92463163636363,9.7250566981692,1.55595556996052e-18,3.27201069644863e-16,31.5103110154123,"CENPF"
"TC01001976.hg.1",1.3831717030303,4.28529775252525,8.48932721773014,4.77466032126998e-15,3.61351394445775e-13,23.6544973902364,"EXO1"
"TC01002441.hg.1",1.07810138181818,8.93443269696969,7.77376795716014,4.0047468355048e-13,1.86666729068278e-11,19.3290454215317,"LAPTM5"
"TC01002500.hg.1",1.26591207272727,4.45375751515151,9.00749765475701,1.73558316965647e-16,1.93057621251866e-14,26.8957508982776,"CLSPN"
"TC01002766.hg.1",1.34632454545455,4.24820278787879,7.72296869504247,5.44489117787238e-13,2.44891620240494e-11,19.0293715440221,"DEPDC1"
"TC01002850.hg.1",1.53465741818182,5.87168709090909,7.06292774924433,2.67357443355234e-11,7.98595890628596e-10,15.2355181508011,"GBP5"
"TC01002864.hg.1",-1.41164610303031,6.32711303535354,-9.39085910039859,1.42141340947968e-17,2.21962851364646e-15,29.3444948965112,"TGFBR3"
"TC01002932.hg.1",1.23420347272728,5.70988725757576,5.95005238292225,1.19050441884682e-08,1.89521316321297e-07,9.31847595453408,"COL11A1"
"TC01003013.hg.1",-1.31206380606061,3.26390125252525,-11.2037821252925,6.65254285794527e-23,4.73896242394823e-20,41.3665244075435,"AMPD1"
"TC01003020.hg.1",-1.00295124242424,4.36061993434343,-6.95046489869923,5.09223409641702e-11,1.4133003745833e-09,14.6087524312354,"CASQ2"
"TC01003050.hg.1",-1.25754281818182,4.42207534848485,-4.30097677784181,2.66334554241929e-05,0.000183133049695033,1.9241642744841,"HMGCS2"
"TC01003085.hg.1",1.54975813939394,4.80749741919192,9.4867637496589,7.55498883361954e-18,1.28077037863786e-15,29.9632012501458,"FAM72D"
"TC01003174.hg.1",1.08134068484848,3.89533238888889,7.86442935878359,2.30877419475732e-13,1.15394530500971e-11,19.8664366403872,"FAM72C"
"TC01003209.hg.1",1.04053771515151,2.34670285353535,4.55437106564328,9.14794635434395e-06,7.15312807126509e-05,2.93851578273998,"HORMAD1"
"TC01003491.hg.1",-1.25910432727272,6.70503087878788,-5.05182617934877,9.87638187005143e-07,1.00044826001384e-05,5.06421146990776,"DPT"
"TC01003500.hg.1",1.15166038787879,5.28411759595959,5.22217184595262,4.43898325744854e-07,4.88683134975091e-06,5.83128673184149,"SELL"
"TC01003565.hg.1",-1.20893069090909,3.87976263636363,-6.17677591483791,3.62171288160882e-09,6.49577969353253e-08,10.4698344993264,"ANGPTL1"
"TC01003662.hg.1",2.24110681818182,4.6237481060606,10.5519813864131,5.87991773208441e-21,2.41086882685924e-18,36.9746512390872,"ASPM"
"TC01003679.hg.1",1.82281578787878,3.8098117020202,8.78193476967522,7.42090256794154e-16,6.95012366266854e-14,25.4745497345857,"KIF14"
"TC01003702.hg.1",1.26044844242424,5.58225836868687,8.66173585678719,1.59953002967446e-15,1.36731704585129e-13,24.7235723193173,"UBE2T"
"TC01003768.hg.1",-2.13339538787879,5.76834251010101,-8.84793298804911,4.85852568824012e-16,4.8055793423809e-14,25.8888009189634,"PIGR"
"TC01003798.hg.1",1.10457952727273,4.02623133333334,7.31424896040566,6.20539302530293e-12,2.17722851902208e-10,16.6574606151424,"NEK2"
"TC01004027.hg.1",1.01195672121212,5.28303947979798,5.8222506483437,2.29893608272712e-08,3.43636857486572e-07,8.68263636944941,"CHML"
"TC01006300.hg.1",1.4516389939394,4.96843322222222,8.89503501623101,3.58817811826505e-16,3.68876217834411e-14,26.185255652547,"STIL"
"TC01006307.hg.1",1.04146835151515,5.52949726262626,7.43612685017439,3.0256583736374e-12,1.14719626604317e-10,17.3572633415746,"FCGR3A"
"TC02000034.hg.1",1.12403323636363,5.51676296969697,5.62921763866123,6.10105069183099e-08,8.25843374165061e-07,7.74084547776626,"RSAD2"
"TC02000270.hg.1",-1.42000301818182,4.51547593939394,-10.4755954618742,9.89805547376641e-21,3.81442932336846e-18,36.4643680634707,"PLEKHH2"
"TC02000398.hg.1",1.03318719393939,6.09633454040404,6.28362782606302,2.04696156780307e-09,3.88426633486814e-08,11.0225309772441,"PLEK"
"TC02000582.hg.1",1.00141267878787,4.88127562626263,8.64711361862041,1.75563325706706e-15,1.48278472081605e-13,24.6325275443388,"NCAPH"
"TC02001202.hg.1",1.19061816363636,3.04906340909091,6.49735737932217,6.42038214176948e-10,1.38339324712499e-08,12.1467798340136,"ICOS"
"TC02002137.hg.1",-1.37029772121212,4.43074041414142,-7.32042427797665,5.98453307785308e-12,2.10812800324392e-10,16.6927605481081,"LONRF2"
"TC02002204.hg.1",1.57007921212121,5.07040258585859,10.372233148468,1.99935732627151e-20,6.81162689471717e-18,35.7755205006757,"BUB1"
"TC02002217.hg.1",1.39898364242424,4.29174106565656,9.68265325494536,2.0631838841997e-18,4.16382034740095e-16,31.2340156526026,"CKAP2L"
"TC02002378.hg.1",1.01632537575757,6.92045726767677,7.20090866004216,1.20323511778821e-11,3.91581680718864e-10,16.0126167056288,"CXCR4"
"TC02002468.hg.1",-1.24683775151515,5.44382411616162,-9.31396139614078,2.35544230415025e-17,3.43208383503282e-15,28.8501183314956,"PLA2R1"
"TC02002500.hg.1",-1.21256033333333,2.51102881313131,-8.71282923024864,1.15465595890737e-15,1.02685753076954e-13,25.0422377163942,"SCN7A"
"TC02002509.hg.1",-1.69190053333333,4.3672471010101,-6.81866850772118,1.07533404094695e-10,2.77380331271768e-09,13.8820082975357,"LRP2"
"TC02002624.hg.1",1.01342350909091,8.03165704545454,7.70328856313554,6.13134626324312e-13,2.71779341623315e-11,18.9135557538291,"STAT1"
"TC02002735.hg.1",-1.3215710060606,4.16866355555555,-7.93027991270998,1.54449051434569e-13,8.03260357988209e-12,20.2587889017461,"ERBB4"
"TC02002747.hg.1",1.30679106060605,9.54993833838384,8.92572707042799,2.94407823850061e-16,3.11282203319008e-14,26.3787857174072,"FN1"
"TC03000002.hg.1",-1.11189130909091,4.67089809090909,-7.23814282382847,9.68604666296395e-12,3.23443146792249e-10,16.2238182491647,"CHL1"
"TC03000146.hg.1",-1.25598959393939,5.87657667171717,-9.56008473334658,4.65279680335088e-18,8.37064257557943e-16,30.4377711685296,"RBMS3"
"TC03000242.hg.1",1.15708323030303,3.99618908585859,8.04104035896815,7.8255323268526e-14,4.40095706767644e-12,20.9224876216872,"KIF15"
"TC03000402.hg.1",-1.52607986060606,4.32130796464647,-15.3259542970359,1.5986797613266e-35,5.4335696712303e-31,69.8233203242145,"ADAMTS9-AS2"
"TC03000626.hg.1",1.06944618181818,5.12864554545455,8.18869969946845,3.13929767275741e-14,1.95749504664784e-12,21.8144396962177,"CD86"
"TC03000705.hg.1",-1.13673694545454,4.57537081818182,-8.79097046928822,7.00335168672453e-16,6.60290602945019e-14,25.5311851707085,"COL6A6"
"TC03000846.hg.1",-1.31811238787878,5.68398788888889,-7.06616001984601,2.62429486078177e-11,7.86207079298694e-10,15.2536205851519,"MME"
"TC03000873.hg.1",1.09763787272727,5.78157692424242,8.91457486178778,3.16362254329894e-16,3.3130691260264e-14,26.3084325380594,"SMC4"
"TC03000930.hg.1",1.29734084848485,5.39313158585859,8.53982730115742,3.4694181907149e-15,2.7276898446353e-13,23.9666291753099,"ECT2"
"TC03001027.hg.1",-1.61033364848484,5.71158841414142,-4.44068890432076,1.48580710437618e-05,0.000109951284807892,2.47756621903754,"ADIPOQ"
"TC03001042.hg.1",-1.46789514545454,4.46339998484849,-10.2076362612969,6.10029008898042e-20,1.86238423352886e-17,34.682668179369,"TP63"
"TC03001169.hg.1",-1.14865747878787,5.02576504040404,-4.97656000380241,1.39785579852455e-06,1.34926232293689e-05,4.73151644985038,"TIMP4"
"TC03001612.hg.1",-1.2164680060606,6.98972708585858,-4.50414902890927,1.13464856771522e-05,8.69202921366291e-05,2.7337113684309,"ABI3BP"
"TC03001908.hg.1",-1.61066616363636,4.53770434848485,-9.43138658896585,1.08855471114967e-17,1.7526973491874e-15,29.6056630510207,"IGSF10"
"TC03002131.hg.1",1.22263707272727,5.67437122727273,6.44514892666487,8.54119467003776e-10,1.78315770193923e-08,11.8698903082006,"LRRC15"
"TC03002146.hg.1",-1.56984205454546,8.63138728787879,-5.47515679220576,1.30858684714203e-07,1.63452834256106e-06,7.00568441067514,"APOD"
"TC03002155.hg.1",1.00131401212121,6.66280991919192,8.28877520258787,1.68291957592605e-14,1.10816561394055e-12,22.4234631361747,"TFRC"
"TC04000155.hg.1",1.65681338787879,4.73764121717172,10.4852820056186,9.2660054867336e-21,3.610312181994e-18,36.52902094921,"NCAPG"
"TC04000158.hg.1",-1.05967728484849,5.5575548989899,-7.02480694766964,3.32831812242413e-11,9.72743385610098e-10,15.0223933212513,"SLIT2"
"TC04000313.hg.1",-1.84834926666668,6.85240036868687,-7.09403194179406,2.23488696219053e-11,6.78772322284938e-10,15.4099217091061,"KIT"
"TC04000374.hg.1",-1.26784263030303,2.58274856565657,-4.69843891721058,4.88433022372501e-06,4.10068595675904e-05,3.5361607344154,"CSN1S1"
"TC04000403.hg.1",-1.00577566666667,2.39324282323232,-5.87258107456543,1.77606869228361e-08,2.71464439501337e-07,8.93188662299035,"ALB"
"TC04000432.hg.1",1.30305293939394,5.04618893434343,4.53386561981296,9.99094594865162e-06,7.74787201601889e-05,2.85467261983276,"CXCL13"
"TC04000475.hg.1",1.12780946666666,3.88167307070707,4.77114600820932,3.53945687768086e-06,3.07746415219686e-05,3.84341513670434,"IBSP"
"TC04000478.hg.1",1.73284041818182,8.37503053030303,7.04367403034871,2.98660167258795e-11,8.80535575902676e-10,15.1277890948645,"SPP1"
"TC04000493.hg.1",-1.12556373333334,3.98889473737374,-5.68840658643982,4.53360389252269e-08,6.32489312190658e-07,8.02720958391513,"MMRN1"
"TC04000609.hg.1",-1.50024868484849,5.47275358080808,-7.45344811377842,2.73062627958646e-12,1.05001067129376e-10,17.4572461577766,"SYNPO2"
"TC04000636.hg.1",-1.14616822424242,4.97874102525252,-7.79392917827942,3.54407935843123e-13,1.6673723055013e-11,19.4482676143823,"FAT4"
"TC04001062.hg.1",-1.05080521212121,4.86499065656566,-10.9422724691152,4.04766862593986e-22,2.19579795774736e-19,39.5968886879741,"LDB2"
"TC04001304.hg.1",1.96618367878788,7.19089755050505,7.06108373839979,2.70209608897499e-11,8.06084386620443e-10,15.2251929122478,"CXCL9"
"TC04001305.hg.1",2.35350489090909,6.39937246969697,8.63602225645055,1.88404014052663e-15,1.57613479039572e-13,24.5635133535431,"CXCL10"
"TC04001306.hg.1",1.52609816969697,3.67221577777778,6.70500126219494,2.03520476025019e-10,4.89525052207109e-09,13.2621327586497,"CXCL11"
"TC04001410.hg.1",-2.15189831515152,6.60588134343435,-5.52088210898848,1.04494413091105e-07,1.33791532025468e-06,7.22232727728043,"ADH1B"
"TC04001411.hg.1",-1.4917712060606,5.45056926767677,-5.981572638001,1.01070512682826e-08,1.62995558333659e-07,9.47677222582327,"ADH1C"
"TC04001436.hg.1",1.78028578181818,4.45842357575757,10.3201145677667,2.84794608216073e-20,9.29841210889914e-18,35.4289216738781,"CENPE"
"TC04001507.hg.1",1.00780240606061,4.41599567171717,8.16336426445038,3.67398773401862e-14,2.2452394884419e-12,21.6608289574269,"MAD2L1"
"TC04001516.hg.1",2.05687386060606,6.2183237929293,10.9839057751656,3.03831844885944e-22,1.74204334934076e-19,39.8779851394657,"CCNA2"
"TC05000298.hg.1",1.18472529090908,5.60556156060606,8.73855467455672,9.79612063231769e-16,8.87984338499923e-14,25.2029973065472,"CCNB1"
"TC05000392.hg.1",-1.01611955757576,4.47585624747475,-10.0929259501706,1.32321406337252e-19,3.68841997593755e-17,33.9241557052106,"CMYA5"
"TC05000604.hg.1",1.36902106666667,5.79731237373738,10.6156601358811,3.80614852051539e-21,1.62679401280186e-18,37.4008118691919,"LMNB1"
"TC05000697.hg.1",1.27829267878788,5.20711602020202,9.57507990579672,4.21298341040614e-18,7.6575316765998e-16,30.5349903191091,"KIF20A"
"TC05000701.hg.1",-1.11279983636364,7.25277622727272,-6.90919108668142,6.44105961344928e-11,1.74059784747713e-09,14.380251395043,"EGR1"
"TC05000907.hg.1",1.22765303030303,4.23104316161616,9.0627579648979,1.21304333444386e-16,1.43055944941446e-14,27.2462140213773,"HMMR"
"TC05001289.hg.1",-1.69147356969696,5.24678366161616,-9.00498309226652,1.76406859989767e-16,1.9583585043004e-14,26.8798243758384,"LIFR"
"TC05001317.hg.1",-1.65769674545455,5.69456440909091,-8.77758163621558,7.6307950610515e-16,7.1183407419383e-14,25.4472734533215,"CCL28"
"TC05001324.hg.1",-1.50533363030303,5.45827758080808,-8.10414561996061,5.30155716212806e-14,3.14186315751897e-12,21.3026966153008,"FGF10"
"TC05001556.hg.1",1.18843750909091,4.47920174242424,6.86453688307773,8.29793326678981e-11,2.19256331125447e-09,14.1339687236571,"VCAN-AS1"
"TC05001804.hg.1",-1.04924198787879,7.57169037373737,-4.35563191553311,2.12318358552382e-05,0.000150387675962139,2.13891994178007,"CXCL14"
"TC05001973.hg.1",-1.22014634545454,5.71177804545454,-9.05113381225486,1.30807266871944e-16,1.52226417188286e-14,27.1724204114284,"FAXDC2"
"TC05001995.hg.1",-1.2709443030303,6.05872114141414,-7.78151722175386,3.82106457320362e-13,1.78814158524246e-11,19.3748509974763,"EBF1"
"TC05002075.hg.1",-1.04404804242425,5.13053914646465,-8.8245614496428,5.64561874045434e-16,5.46153594558383e-14,25.7419523661181,"STC2"
"TC06000758.hg.1",-1.2413884969697,5.5313977070707,-7.20436276459385,1.1792957409e-11,3.84678415982844e-10,16.032182677083,"SH3BGRL2"
"TC06000761.hg.1",1.65106635151516,4.2614092020202,9.04005913488579,1.40547674050607e-16,1.61168188895463e-14,27.1021509818005,"TTK"
"TC06000820.hg.1",-1.27363115757576,4.55332130808081,-6.08836433011873,5.77986960304228e-09,9.8839414164731e-08,10.0173604286373,"FHL5"
"TC06000976.hg.1",-1.45159169090909,5.72903265151515,-7.06546097065538,2.63487615418129e-11,7.88372384477415e-10,15.2497051213138,"LAMA2"
"TC06001104.hg.1",-1.19263153333333,4.88946705555556,-9.34721061637182,1.89369448233869e-17,2.80665722364649e-15,29.0636885104327,"ESR1"
"TC06001109.hg.1",-1.00314026060606,4.16011954040404,-6.27622400030098,2.12993327866976e-09,4.0120001231738e-08,10.984030346124,"MYCT1"
"TC06001142.hg.1",1.7198274,5.82492743939394,7.95142109412029,1.35700017791302e-13,7.2063044839578e-12,20.3851091691739,"FNDC1"
"TC06001324.hg.1",-1.26549998181818,3.46356828787879,-9.07038327319264,1.15446317698438e-16,1.36833960723478e-14,27.2946426940369,"DCDC2"
"TC06001773.hg.1",1.37966422424242,6.06223645959596,8.53384029702572,3.60344041326263e-15,2.82361586960578e-13,23.9295803650935,"PLA2G7"
"TC06002044.hg.1",1.98903461212121,4.61128593434343,7.39773801585901,3.79642870694291e-12,1.39228050805894e-10,17.1361375624844,"COL10A1"
"TC06004113.hg.1",1.11002385454545,4.43132821212121,5.08050483678387,8.64356496136294e-07,8.87292768224452e-06,5.19199039323503,"UBD"
"TC06004120.hg.1",-1.08924730909091,5.8254673030303,-9.98497510423633,2.73548847823363e-19,7.04068810038213e-17,33.2127888257108,"TNXB"
"TC07000235.hg.1",2.42070238787879,6.08572080808081,11.6092115048613,3.97821089098904e-24,4.00793380950314e-21,44.1271078769342,"ANLN"
"TC07000509.hg.1",-1.06127652121212,4.68082980808081,-4.46043081165853,1.36667253075504e-05,0.000102283611255903,2.55693317161127,"CD36"
"TC07000768.hg.1",-1.22514865454546,4.89362681818182,-4.01353674379734,8.46777058920329e-05,0.00050505123922732,0.832087592007889,"LEP"
"TC07000927.hg.1",-3.36176828484849,6.53526245959595,-6.25572462154127,2.37726797284145e-09,4.43172268698646e-08,10.8775892353048,"PIP"
"TC07001221.hg.1",-1.0437554,5.42288507575758,-11.6312654279735,3.41122844893738e-24,3.48652266528132e-21,44.2778027631454,"HOXA5"
"TC07001318.hg.1",1.1529085030303,5.53341157070707,7.10617558347503,2.08360152958382e-11,6.38877524655826e-10,15.4781349779653,"INHBA"
"TC07001582.hg.1",-1.09602300606061,6.26856994949495,-4.45801406284852,1.38074772413195e-05,0.000103183714897698,2.54720185136821,"STEAP4"
"TC07001618.hg.1",-1.37042237575758,6.60246226262626,-4.87539840449146,2.21659822227222e-06,2.03067233605227e-05,4.29047957037108,"PDK4"
"TC07001722.hg.1",-1.35157086060606,4.15555382828283,-7.30447503492748,6.57151276729464e-12,2.28860639450824e-10,16.6016247282498,"RELN"
"TC07001811.hg.1",-1.18888533333333,4.44962773737374,-11.9722357932686,3.14632544879993e-25,4.93085132501594e-22,46.6136890693596,"AASS"
"TC07001895.hg.1",-1.74267798787879,5.46533870707071,-8.25901995609423,2.02642125711089e-14,1.31713646373485e-12,22.2420100836148,"PTN"
"TC07001993.hg.1",1.00485076969697,5.22539055050505,8.84130594547484,5.06992226950512e-16,4.97975108930793e-14,25.8471448669695,"EZH2"
"TC07002047.hg.1",1.00345594545455,4.73096092424242,6.75311230837024,1.55478720048931e-10,3.87039384892721e-09,13.5237119014097,"XRCC2"
"TC08000127.hg.1",-1.35460598181818,5.36560716666666,-6.27116470956666,2.18852003292162e-09,4.11027958140431e-08,10.9577388979247,"SLC7A2"
"TC08000149.hg.1",-1.10210877575757,6.03056502020202,-4.68149333204526,5.26234979986082e-06,4.38464904224462e-05,3.46509040502862,"LPL"
"TC08000191.hg.1",1.9932641030303,4.76679051010101,9.22508899046145,4.21449674638673e-17,5.77124182612488e-15,28.2807051861372,"ADAMDEC1"
"TC08000196.hg.1",1.05028219393939,4.13667428282828,7.05925876707143,2.73061862466509e-11,8.11852517990119e-10,15.214975858856,"CDCA2"
"TC08000213.hg.1",1.15604124848485,4.95028707070707,9.18378449574494,5.51908147119756e-17,7.26160788420271e-15,28.0167902319727,"ESCO2"
"TC08000452.hg.1",-1.04695911515151,4.67252128282828,-8.09692381430703,5.54355706415289e-14,3.25790229029378e-12,21.2591101773904,"PREX2"
"TC08000456.hg.1",1.18946904242424,7.31420871717171,7.00967651308607,3.6299690952643e-11,1.04744807899069e-09,14.9379933221988,"SULF1"
"TC08000497.hg.1",-1.94318407272727,5.5243813030303,-6.16431815162925,3.869286596463e-09,6.90333878641273e-08,10.4058108100496,"PI15"
"TC08000598.hg.1",-1.15347962424242,5.58420558585859,-9.13694251540933,7.48938404903712e-17,9.43167555875438e-15,27.7180614530458,"MATN2"
"TC08000646.hg.1",1.05010836363636,6.13436287878787,9.24423968886869,3.71856440597214e-17,5.17247174758132e-15,28.403226055781,"CTHRC1"
"TC08000668.hg.1",-1.18378503636364,2.18527001515151,-12.2958488370647,3.2456118763088e-26,6.93606928342198e-23,48.8397866189589,"PKHD1L1"
"TC08000700.hg.1",-1.07704453333334,6.66209943434344,-4.40212525144077,1.74792741981477e-05,0.000126598629380299,2.32336281617482,"COL14A1"
"TC08000729.hg.1",1.13929955757576,6.62755860101011,7.79676566417861,3.48362373283641e-13,1.64551638654268e-11,19.4650540419028,"SQLE"
"TC08001086.hg.1",1.30539529696969,4.10323108080808,8.07734637381862,6.25601343480774e-14,3.61930135736626e-12,21.1410499357242,"PBK"
"TC08001166.hg.1",-1.07624015151515,7.72730266161616,-5.81349726916592,2.40410113243624e-08,3.57462416535528e-07,8.63944147024021,"SFRP1"
"TC08001365.hg.1",-1.9424453939394,6.02416608080808,-4.430959024814,1.54813318137058e-05,0.000113870459271796,2.43855576963423,"FABP4"
"TC08001438.hg.1",1.21832150909091,4.00723771212121,7.31245273554793,6.2711324980302e-12,2.19592391836437e-10,16.6471960549741,"CCNE2"
"TC08001584.hg.1",1.27265497575758,5.98870538888889,8.09981200631178,5.44548922292268e-14,3.21635038918071e-12,21.2765392351099,"ATAD2"
"TC09000045.hg.1",-1.1951416,4.7668033030303,-4.96184733456926,1.49542489681539e-06,1.43407465322426e-05,4.6669350045637,"IL33"
"TC09000207.hg.1",1.5726830969697,4.53394021717172,9.00210761767694,1.79721196414659e-16,1.97502133295331e-14,26.8616141855999,"MELK"
"TC09000323.hg.1",-1.3390218,4.95128428787879,-7.44997412058656,2.78742544999701e-12,1.06835654896815e-10,17.4371829627171,"MAMDC2"
"TC09000388.hg.1",-1.38696792121212,5.36860027777778,-9.73046622624488,1.50089862735515e-18,3.17861483174076e-16,31.545588881583,"NTRK2"
"TC09000415.hg.1",1.43064083636363,6.37500009090909,8.99527745143305,1.87843792976805e-16,2.06023449643907e-14,26.8183688154127,"CKS2"
"TC09000556.hg.1",-1.27371466060606,4.64545947979798,-11.2068413597599,6.5131305881914e-23,4.68699498439819e-20,41.387280593555,"ZNF483"
"TC09000920.hg.1",-1.01102408484848,3.79365638383838,-7.00524839017115,3.7232415437647e-11,1.07085711007715e-09,14.913313139305,"FREM1"
"TC09001211.hg.1",-1.00750064242424,6.1840354040404,-5.14207560574387,6.48032310770053e-07,6.86431858571542e-06,5.46819259666324,"ALDH1A1"
"TC09001334.hg.1",-1.5885926060606,5.60711888888889,-4.97865661322157,1.38446402057749e-06,1.33840378510194e-05,4.7407316244052,"OGN"
"TC09001475.hg.1",-1.42759946666667,5.54611038383838,-6.27364024025456,2.15965835077444e-09,4.06148228991109e-08,10.9706016432441,"SVEP1"
"TC0X000073.hg.1",-1.68714823030303,3.21809495959596,-11.0890598679093,1.47069432751169e-22,9.26051571956314e-20,40.5890474573819,"GRPR"
"TC0X000207.hg.1",-1.43752212121212,5.40263026262626,-6.16701090773528,3.81440521197988e-09,6.81715996282208e-08,10.4196421960677,"MAOA"
"TC0X000376.hg.1",1.32345490909091,4.99117606060606,9.08840322161966,1.02695772014925e-16,1.23801947518095e-14,27.40915383373,"KIF4A"
"TC0X000475.hg.1",1.0050822969697,3.80704121717172,7.65766722844243,8.06930411966677e-13,3.49552539576941e-11,18.6456869981233,"CENPI"
"TC0X000750.hg.1",1.24056405454545,8.53721704545454,9.43446361602288,1.06670789982556e-17,1.72145174415098e-15,29.6255092561348,"BGN"
"TC0X000943.hg.1",-1.53963396363637,4.71745206060606,-10.5185586924573,7.38567274639255e-21,2.95943067666956e-18,36.7512517670762,"DMD"
"TC0X000954.hg.1",-1.14959087272727,6.411738,-5.50030457758819,1.15646655741783e-07,1.45977252602073e-06,7.1246691859938,"SRPX"
"TC0X000978.hg.1",-1.0660940060606,5.41774587373738,-6.14070781440741,4.38485519978057e-09,7.72310547587725e-08,10.2847108192452,"MAOB"
"TC0X001180.hg.1",-1.23024301818182,6.00213618181818,-6.41278657235222,1.01870597935611e-09,2.08843609831776e-08,11.698984505117,"ITM2A"
"TC0X001278.hg.1",-1.43756768484848,6.08150335353536,-4.87377553933866,2.23292978493983e-06,2.04214481266918e-05,4.28346204407965,"CHRDL1"
"TC0X001279.hg.1",-1.10959086666667,5.37491148989899,-3.90652819662566,0.000128255922187767,0.000723425769851064,0.44186425206402,"CAPN6"
"TC0X001378.hg.1",-1.39901264242424,5.60724967676768,-7.3422861350063,5.26324096810519e-12,1.88416011570397e-10,16.8178656059424,"GPC3"
"TC0X001547.hg.1",-1.04710960606061,4.82065044949495,-6.8766233797136,7.74878504142804e-11,2.05903378853289e-09,14.2005335422577,"F8"
"TC10000098.hg.1",1.37376926666667,4.99412278282828,8.11193585207713,5.05223298219529e-14,3.00927894090674e-12,21.3497353589451,"MCM10"
"TC10000245.hg.1",-2.76428816969697,5.04175382828283,-6.87246925753312,7.93336403377807e-11,2.10332568328621e-09,14.1776471774779,"ANKRD30A"
"TC10000373.hg.1",1.5466245030303,4.36547981313131,9.69268385460596,1.93004338391011e-18,3.9338820956105e-16,31.2993358235055,"CDK1"
"TC10000659.hg.1",1.97476687272727,5.04518612121212,11.0917368727626,1.44374870559986e-22,9.17274684369542e-20,40.6071695784899,"KIF11"
"TC10000664.hg.1",1.75516647272727,4.75297506060606,10.7045601626791,2.07155711028558e-21,9.67499484030928e-19,37.9968911778718,"CEP55"
"TC10001579.hg.1",-1.57293341212122,4.01039527777778,-10.8309046841528,8.70729118045816e-22,4.32439645013698e-19,38.8462163027855,"HPSE2"
"TC10001663.hg.1",-1.08722467878788,5.65313722222222,-4.8427212084402,2.56882155140205e-06,2.31102184295863e-05,4.14953163511078,"GPAM"
"TC10001678.hg.1",-1.41858353333334,5.50304469191919,-8.29700725485,1.59853713332202e-14,1.05952663771869e-12,22.4737190098569,"GFRA1"
"TC10001756.hg.1",2.13292738181818,6.34742436363636,12.1726083328323,7.71621590991685e-26,1.51158526281963e-22,47.9911014065163,"MKI67"
"TC11000482.hg.1",1.71819598787879,4.90715835353535,9.40157461394202,1.3246520821567e-17,2.09458382937078e-15,29.4135070577908,"FAM111B"
"TC11000510.hg.1",1.10099405454545,4.50653501515152,3.88358229537105,0.000140042757550567,0.000780544960937218,0.359362010905045,"MS4A1"
"TC11000548.hg.1",-2.11814527878788,5.25415863131313,-5.5232462320824,1.03282379760769e-07,1.32360226564941e-06,7.2335641569484,"SCGB2A1"
"TC11000549.hg.1",-2.31415504848485,5.49376376262626,-6.13307127030176,4.5655978831122e-09,7.99353673065347e-08,10.245609492926,"SCGB1D2"
"TC11000550.hg.1",-2.20656172727273,5.78540243939394,-5.35916641632995,2.3023218143932e-07,2.72153270728213e-06,6.46210006803845,"SCGB2A2"
"TC11000721.hg.1",-1.09639765454546,6.25803056060606,-7.77109624896935,4.0700784317161e-13,1.89087049565161e-11,19.313258647626,"ANO1"
"TC11000837.hg.1",-1.10255993939394,6.12111144444445,-3.51499978030395,0.000544482848816917,0.00252583593159547,-0.90798939042477,"THRSP"
"TC11001396.hg.1",-1.45186755757576,5.33935997474748,-7.46153011159915,2.6028738664615e-12,1.0058217736135e-10,17.5039419194868,"SCUBE2"
"TC11001415.hg.1",-1.10969715151515,5.82106125252525,-3.43070674363601,0.000732006664613179,0.00325701521174716,-1.18224177634226,"LYVE1"
"TC11001505.hg.1",-1.06354842424242,4.39836243434344,-4.42043282308797,1.61838638006902e-05,0.00011830979857117,2.39643145370315,"MUC15"
"TC11001517.hg.1",1.35073405454545,3.9369681969697,8.01512681532442,9.17853679834111e-14,5.07286795164114e-12,20.7667906931622,"KIF18A"
"TC11001552.hg.1",-1.04740771515151,4.21418593434344,-11.1100394149549,1.27225442752015e-22,8.2314861460554e-20,40.7310956016206,"PAMR1"
"TC11002220.hg.1",-1.23437978181818,3.33813321212121,-7.46426192989348,2.56104178847063e-12,9.90742457752685e-11,17.5197320542106,"PGR"
"TC11002234.hg.1",2.54999389090909,5.05457687878788,7.07991220761964,2.42445040560623e-11,7.3099408274719e-10,15.3306950436749,"MMP1"
"TC11002235.hg.1",1.12552042424242,4.38372877777778,5.40317599065988,1.85991398237636e-07,2.24715973580826e-06,6.66733476414999,"MMP3"
"TC11002237.hg.1",1.67907193939394,3.92878443434343,5.73315962908919,3.61692147681021e-08,5.13334983515973e-07,8.24515517447601,"MMP12"
"TC11002239.hg.1",2.01766151515152,4.78291611111111,5.58388818674563,7.6481479419584e-08,1.01039079437689e-06,7.52299838957337,"MMP13"
"TC11002242.hg.1",-1.37332386666667,6.11379814141414,-7.79679809853578,3.48293837512891e-13,1.64551638654268e-11,19.4652460081776,"PDGFD"
"TC11002293.hg.1",1.05744235151515,4.92934544444444,8.52830003451107,3.73203110557624e-15,2.91466256543249e-13,23.8953066464596,"IL18"
"TC12000062.hg.1",1.27401799393939,4.12790138888889,7.49766363208344,2.10025705459731e-12,8.31647547789815e-11,17.7130561033004,"RAD51AP1"
"TC12000136.hg.1",1.13224586060606,4.12795218686868,4.96663667734899,1.46296107631529e-06,1.40676852992887e-05,4.68794158254844,"A2ML1"
"TC12000216.hg.1",-1.9873422909091,3.87644284848485,-9.15406437778621,6.69908418875056e-17,8.60545563284619e-15,27.8271834636778,"PIK3C2G"
"TC12000471.hg.1",-1.86663088484848,8.00352702020202,-3.91609980382281,0.000123623049035568,0.000701784455214954,0.476402033226163,"MUCL1"
"TC12000611.hg.1",1.46035396969697,9.15666106565657,8.16845366329548,3.55979087876255e-14,2.18872826628571e-12,21.691667657105,"LYZ"
"TC12000846.hg.1",-1.24714223636364,5.8545711969697,-7.23883800447672,9.64684241848667e-12,3.22428562975799e-10,16.2277674799302,"ACACB"
"TC12000886.hg.1",1.10839592727273,6.65430436363636,5.95640045703747,1.15194026061247e-08,1.83755446729639e-07,9.35030968062615,"OAS2"
"TC12001106.hg.1",1.38818572727273,5.78373516666667,7.80494377630857,3.31497215866075e-13,1.57322867796253e-11,19.5134703648529,"FOXM1"
"TC12001216.hg.1",1.41568761818182,5.8942065,6.75414379776993,1.54581836836141e-10,3.85487089080452e-09,13.5293328599679,"OLR1"
"TC12001290.hg.1",-1.18602444848485,3.03088044444445,-8.8009519040948,6.56916520927667e-16,6.22684459749756e-14,25.5937776902538,"RERGL"
"TC12001681.hg.1",-1.26710195757576,4.44833791414142,-5.39621298796185,1.92393255572897e-07,2.3173611550414e-06,6.6347804704182,"WIF1"
"TC12001837.hg.1",-1.63837075757576,6.95701558080808,-9.53148081115033,5.6222464533918e-18,9.91244216581374e-16,30.2524742420702,"NTN4"
"TC13000223.hg.1",1.13576403030303,5.22836644949495,11.533467380806,6.74309914187382e-24,6.01953899724515e-21,43.6099384438962,"CKAP2"
"TC13000468.hg.1",1.15032575151515,4.48615142929293,9.45133570556365,9.54439786571694e-18,1.56693020212119e-15,29.7343736074942,"SKA3"
"TC13000563.hg.1",-1.00409363636364,5.45005284848485,-6.5055142235349,6.13958834475074e-10,1.32694510829561e-08,12.1901703718973,"DCLK1"
"TC13000701.hg.1",1.07779663030303,3.99537188888889,7.77423725161437,3.99337872897411e-13,1.86259952449366e-11,19.3318187166411,"DIAPH3"
"TC13000748.hg.1",-1.03274202424242,5.99301561616161,-5.34544230076279,2.46013485916526e-07,2.88828309567303e-06,6.39835439086578,"EDNRB"
"TC13000763.hg.1",-1.16096318787879,5.62859634343434,-12.4667499098239,9.74930439406362e-27,2.54648219919463e-23,50.0183567534361,"SPRY2"
"TC13000829.hg.1",1.00522836969697,6.10270603535353,6.31890767678201,1.69319859259219e-09,3.28228269228639e-08,11.2064032442852,"GPR183"
"TC14000316.hg.1",1.1065754969697,4.37523818686869,8.03589555258418,8.07742748457742e-14,4.52457838359693e-12,20.8915558376403,"CDKN3"
"TC14000377.hg.1",-1.03943736969697,5.24983985858586,-8.4909633327648,4.7255785587851e-15,3.59118509376295e-13,23.664596598107,"RHOJ"
"TC14000678.hg.1",-1.51086052121212,6.42905380808081,-6.43319773610461,9.11608130950984e-10,1.88975132919037e-08,11.8067107338908,"SNORD114-3"
"TC14000988.hg.1",-1.7444414,4.32469913636364,-10.3709736944923,2.01653496967754e-20,6.83711998396968e-18,35.7671389547766,"NOVA1"
"TC14001155.hg.1",1.87724335151515,5.1580877020202,10.9938509305104,2.83700527908898e-22,1.65350515121646e-19,39.9451688351815,"DLGAP5"
"TC14001443.hg.1",-1.09707782424242,6.47636481313131,-6.79410882043198,1.2349200523988e-10,3.1417845185902e-09,13.7475267973932,"FBLN5"
"TC14002207.hg.1",1.04593175757576,8.00399752525253,4.65584915400425,5.88859070510586e-06,4.84179879090801e-05,3.35792847369979,"IGHG4"
"TC14002211.hg.1",-1.37648328484849,9.8804232020202,-5.90133381469342,1.53163433285822e-08,2.38076808587526e-07,9.07495297556146,"IGHA1"
"TC15000045.hg.1",-1.19650566060606,4.63927740404041,-7.14002340134764,1.71322246331653e-11,5.3650793863442e-10,15.6686273970228,"SNORD64"
"TC15000223.hg.1",1.32233482424243,5.39103832323232,10.5486719039146,6.01422575114099e-21,2.45168348351281e-18,36.9525218602074,"ARHGAP11A"
"TC15000306.hg.1",1.88076056969697,5.9589562020202,12.2413796937148,4.75977607103131e-26,9.59067679592403e-23,48.4645575554957,"NUSAP1"
"TC15000368.hg.1",-1.2840737030303,4.48242006565656,-8.89386190571667,3.61539550907996e-16,3.71133242338932e-14,26.1778641313202,"SEMA6D"
"TC15000441.hg.1",1.04034169090909,3.77564377272727,5.27421299121464,3.46398895779958e-07,3.92498221836278e-06,6.06947368735407,"AQP9"
"TC15000449.hg.1",1.55308133333334,4.65889517171717,8.99019813274143,1.94119660779194e-16,2.12576099955451e-14,26.7862177722944,"CCNB2"
"TC15000638.hg.1",1.57302181212121,5.56648066161616,9.05931250558491,1.24047197355332e-16,1.45472055410071e-14,27.2243371896085,"KIF23"
"TC15000846.hg.1",1.2014122969697,4.98101097474747,8.69669555363775,1.27992528549069e-15,1.11533506195494e-13,24.9415238391489,"FANCI"
"TC15000850.hg.1",1.12917491515152,4.36377042929293,7.31030189455488,6.35075561628499e-12,2.22049746319914e-10,16.6349069270078,"TICRR"
"TC15000868.hg.1",1.0544475030303,4.27362461616161,8.59155337460986,2.49937312824817e-15,2.02368876146321e-13,24.2872116822661,"BLM"
"TC15000953.hg.1",-1.15343355757576,7.07244261111111,-7.09913303307947,2.1700614230108e-11,6.61648256528279e-10,15.4385671724034,"SYNM"
"TC15001719.hg.1",1.239702,4.66575481818182,7.36133577856801,4.70519882822755e-12,1.69731323254778e-10,16.9270503313125,"BCL2A1"
"TC15001834.hg.1",-1.2701852969697,6.44051931313131,-4.98072239433146,1.37139077404878e-06,1.32740312322595e-05,4.74981424496552,"PLIN1"
"TC15001858.hg.1",1.52163072727273,5.92399078787879,9.02686295100572,1.53098514054605e-16,1.73584670525288e-14,27.0184664380939,"PRC1"
"TC15002760.hg.1",1.24602718181818,4.75357271212121,10.546783837866,6.0922134917915e-21,2.46920213840007e-18,36.9398978493772,"ARHGAP11B"
"TC16000258.hg.1",1.36963497575758,6.3000912979798,10.0455038228946,1.82101830494945e-19,4.88302942661407e-17,33.6113585349,"PLK1"
"TC16000634.hg.1",1.05308531515151,5.32086318686869,9.58518517171617,3.94016960237338e-18,7.21746963293968e-16,30.6005373059981,"CENPN"
"TC16000898.hg.1",-1.75156318787879,7.03954576767677,-9.31410590773849,2.3532110191325e-17,3.43208383503282e-15,28.8510459449267,"MYH11"
"TC16001083.hg.1",1.15253175151515,4.33054236868687,8.72078523893292,1.09744044470478e-15,9.83415406377572e-14,25.0919330152892,"SHCBP1"
"TC16001249.hg.1",-2.60547072727273,4.33260263636364,-9.21224374310639,4.58342904705397e-17,6.16864821918677e-15,28.1985806108837,"TAT"
"TC16001335.hg.1",1.07568151515152,6.35086844444445,7.37373862747822,4.37370998765019e-12,1.5923962284928e-10,16.9982244319885,"SLC7A5"
"TC17000406.hg.1",1.43917041818182,5.94566337878788,5.55430665683938,8.85769260229607e-08,1.15210449168522e-06,7.3815230175882,"CCL18"
"TC17000495.hg.1",1.25358927272727,4.71786630303031,8.40310962374873,8.22001430633864e-15,5.87335429509544e-13,23.1235815843367,"CDC6"
"TC17000693.hg.1",-1.1291100969697,5.02408646464647,-14.1739927022633,5.53969168453604e-32,5.58108109526479e-28,61.8487867975754,"HLF"
"TC17000718.hg.1",1.6400982,5.23855428787879,10.1371239904844,9.82191108578299e-20,2.79302675605917e-17,34.2160998339713,"PRR11"
"TC17001243.hg.1",-1.09593616969697,6.93491970707071,-6.25202922028897,2.42476003295179e-09,4.5130998100781e-08,10.8584259080318,"MFAP4"
"TC17001462.hg.1",2.44395686666667,6.10556993434344,11.8916737707896,5.53099055655505e-25,7.64827543176337e-22,46.0608161486618,"TOP2A"
"TC17001513.hg.1",-1.10766908484848,6.75388194444444,-4.90930008253362,1.9007025956516e-06,1.77095057673587e-05,4.43749392220364,"KRT14"
"TC17001682.hg.1",1.12053321212121,8.91782052525252,7.41721023693318,3.3839067151822e-12,1.26803003865459e-10,17.2482204244035,"COL1A1"
"TC17001769.hg.1",1.29595661212121,4.47548357070707,7.73873775970881,4.95019472444584e-13,2.2508225825409e-11,19.1222845406296,"BRIP1"
"TC17001825.hg.1",-1.97207664242425,4.93101728282828,-7.31977210159253,6.00748662375075e-12,2.11515716009373e-10,16.6890317139102,"ABCA8"
"TC17001826.hg.1",-2.03942476363637,4.0400153030303,-10.8487020425665,7.70501086622705e-22,3.93640601480858e-19,38.9660542748624,"ABCA9"
"TC17001827.hg.1",-1.84650450909091,4.91379872727273,-7.43747180873847,3.00166389045007e-12,1.13932369508186e-10,17.3650221374076,"ABCA6"
"TC17001829.hg.1",-2.07476163636364,3.20951451515152,-13.653631051882,2.21340234848231e-30,1.56095773822018e-26,58.2380133894245,"ABCA10"
"TC17002860.hg.1",1.38915187272727,7.80516959090909,10.44132197958,1.2499392665532e-20,4.61515533482364e-18,36.2357430289917,"KPNA2"
"TC18000006.hg.1",1.11411007272728,6.5133473030303,7.49266179117143,2.16364151961386e-12,8.54347653346741e-11,17.6840757315663,"TYMS"
"TC18000009.hg.1",1.81408376969697,4.60338435353536,9.51533346070425,6.25564872709277e-18,1.08661851029745e-15,30.1479603444598,"NDC80"
"TC18000103.hg.1",-1.2911314969697,5.37160005555555,-9.34240819557348,1.95436125942982e-17,2.88341880959768e-15,29.0328231181769,"LAMA3"
"TC19000020.hg.1",-1.27073068484849,7.58310558080808,-5.89029502105953,1.62131454487634e-08,2.50361212280083e-07,9.01996893538142,"CFD"
"TC19000202.hg.1",-1.36712586666667,6.30308414141414,-10.6222648641268,3.6381250574009e-21,1.60011505409094e-18,37.4450521068939,"CNN1"
"TC19000789.hg.1",1.57915998787879,6.38230956565657,9.37601473748742,1.56716871078658e-17,2.39742817767467e-15,29.248940276033,"FPR3"
"TC19002629.hg.1",1.3649732060606,9.223846489899,8.73137794817757,1.02560790883075e-15,9.26106870095664e-14,25.1581287026082,"IFI30"
"TC20000198.hg.1",2.16948447272727,6.36667284848485,11.5573644244322,5.70934072277063e-24,5.37763495608629e-21,43.7730374567654,"TPX2"
"TC20000416.hg.1",-1.53962037575758,5.54631280808081,-9.0927100380817,9.98616669280057e-17,1.20798359121162e-14,27.4365359249524,"TSHZ2"
"TC21000077.hg.1",-1.19724816969697,5.80525449494949,-8.85757054323462,4.56661992914323e-16,4.57459854066716e-14,25.9494041187923,"JAM2"
"TC21000281.hg.1",-1.09986055757575,4.12626965656566,-9.542185369222,5.23792834740319e-18,9.28126685537475e-16,30.3217950955087,"ANKRD20A11P"
"TC21000346.hg.1",-1.35729777575758,5.67707552020202,-9.75980694112994,1.2343529115371e-18,2.65419663231521e-16,31.7370499032856,"ADAMTS5"
"TC21000363.hg.1",-1.28426755151516,3.40771285858586,-5.03765642693415,1.05468421132322e-06,1.0599899477718e-05,5.00128309046853,"CLDN8"
"TC21001069.hg.1",1.33995531515152,5.46979173232323,8.04076993049471,7.83857691878536e-14,4.40478055811554e-12,20.9208614944238,"SAMSN1"
"TC6_apd_hap1000092.hg.1",-1.5720603030303,5.83561120202021,-9.39437375084259,1.3889257283299e-17,2.19114174200862e-15,29.3671273804875,"TNXB"
"TC6_apd_hap1000126.hg.1",1.07554666060606,5.63624082323232,4.92551436096961,1.76547512302333e-06,1.65743613020466e-05,4.50808841355503,"UBD"
"TC6_cox_hap2000249.hg.1",1.00850409696969,5.62419671717172,4.77704827098418,3.4475786872216e-06,3.00610276655452e-05,3.86852192112716,"UBD"
"TC6_cox_hap2000260.hg.1",-1.12599328484848,5.89279765656566,-9.94157720222667,3.66044633724403e-19,9.18667818652885e-17,32.9274991313273,"TNXB"
"TC6_dbb_hap3000237.hg.1",-1.16967584848485,5.85312633838384,-9.87393897570023,5.75891589114186e-19,1.35378675130333e-16,32.48366834218,"TNXB"
"TC6_mann_hap4000149.hg.1",-1.36910357575757,5.69171223232323,-10.1455790719074,9.2771772528988e-20,2.6813703746155e-17,34.2719935921725,"TNXB"
"TC6_mann_hap4000198.hg.1",1.07554666060606,5.63624082323232,4.92551436096961,1.76547512302333e-06,1.65743613020466e-05,4.50808841355503,"UBD"
"TC6_mcf_hap5000200.hg.1",-1.16925737575758,5.84484979292929,-9.89418838767272,5.0288218601062e-19,1.19409967690327e-16,32.6164369951806,"TNXB"
"TC6_mcf_hap5000215.hg.1",1.06655053939394,5.63686796464646,4.79603109743413,3.16743961937405e-06,2.78942737608786e-05,3.94943672738146,"UBD"
"TC6_qbl_hap6000173.hg.1",-1.17064952727274,6.08241954545454,-9.79317766854534,9.88009818265618e-19,2.20498153207425e-16,31.9550479930529,"TNXB"
"TC6_qbl_hap6000227.hg.1",1.07554666060606,5.63624082323232,4.92551436096961,1.76547512302333e-06,1.65743613020466e-05,4.50808841355503,"UBD"
"TC6_ssto_hap7000153.hg.1",-1.1478587030303,6.02088192929293,-9.61215634979817,3.29504575082111e-18,6.2635178297886e-16,30.7756047108871,"TNXB"
